Time,,95,96,97,98,99,100,101,102,103,104,105,106,107,108,109,110,111,112,113,114,115,116,117,118,119,120,121,122,123,124,125,126,127,128,129,130,131,132,133,134,135,136,137,138,139,140,141,142,143,144,145,146,147,148,149,150,151,152,153,154,155,156,157,158,159,160,161,162,163,164,165,166,167,168,169,170,171,172,173,174,175,176,177,178,179,180,181,182,183,184,185,186,187,188,189,190,191,192,193,194,195,196,197,198,199,200,201,202,203,204,205,206,207,208,209,210,211,212,213,214,215,216,217,218,219,220,221,222,223,224,225,226,227,228,229,230,231,232,233,234,235,236,237,238,239,240,241,242,243,244,245,246,247,248,249,250
DataCmltTest,Afghanistan,,,,,,,,,,,,,,,,,,,,,,,,,,,,,,,,,,,,,,,,,,,,,,,,,,,,,,,,,,,,,,,,,,,,,,,,,,,,,,,,,,,,,,,,,,,,,,,,,,,,,,,,,,,,,,,,,,,,,,,,,,,,,,,,,,,,,,,38460,,,,,,,,,,,,,,,,,,,,,
DataCmltTest,Albania,,,,,,,,,,,,,,,,,,,,,,,,,,,,,,,,,,,,,,,,,,,,,,,,,,,,,,,,,,,,,,,,,,,,,,,,,,,,,,,2396,2571,,2989,,3385,3644,3877,4070,4306,4558,4827,5080,5311,5542,,6017,6269,6509,6768,,7279,,,,,,8669,,,9266,,,,10268,,,,,,,,12024,,,,,,13133,,,,,,,14269,,,,,,,,,,16716,,,,,,,,,,,,
DataCmltTest,Algeria,,,,,,,,,,,,,,,,,,,,,,,,,,,,,,,,,,,,,,,,,,,,,,,,,,,,,,,,,,,,,,,,,,,,,,,,,,,,,,,,,,,,,,,,,,,,,,,,,,,,,,,,,,,,,,,,,,,,,,,,,,,,,,,,,,,,,,,,,18928,,,,,,,,,,,,,,,,,,,
DataCmltTest,Andorra,,,,,,,,,,,,,,,,,,,,,,,,,,,,,,,,,,,,,,,,,,,,,,,,,,,,,,,,,,,,,,,,,,,,,,,,,,,,,,,,,,,,,,,,,,,,,,,,,,,,,,,,,,,,,,,,,,,,,,,,,,,,,,,,,,,,,,,,,,,,,,,,,,,,,,,,,,,,
DataCmltTest,Angola,,,,,,,,,,,,,,,,,,,,,,,,,,,,,,,,,,,,,,,,,,,,,,,,,,,,,,,,,,,,,,,,,,,,,,,,,,,,,,,,,,,,,,,,,,,,,,,,,,,,,,,,,,,,,,,,,,,,,,,,,,,,,,,,,,,,,,,,,,,,,,,,,,,,,,,,,,,,
DataCmltTest,Antigua,,,,,,,,,,,,,,,,,,,,,,,,,,,,,,,,,,,,,,,,,,,,,,,,,,,,,,,,,,,,,,,,,,,,,,,,,,,,,,,,,,,,,,,,,,,,,,,,,,,,,,,,,,,,,,,,,,,,,,,,,,,,,,,,,,,,,,,,,,,,,,,,,,,,,,,,,,,,
DataCmltTest,Argentina,,,,,,,,,,,,,,,,,,,,,,,,,,,,,,,,,,,,,,,,,,,,,,,,,,,,,,,,,,,,,,,,,,,,,,,,,,,,,,,,,,13330.0,14850.0,16379.0,18027.0,,19758.0,22805.0,24374.0,26457.0,28650.0,30942.0,32712.0,34568.0,36611.0,39228.0,41786.0,44654.0,47406.0,49905.0,51900.0,53600.0,56058.0,58685.0,61530.0,63866.0,65813.0,67920.0,69718.0,72315.0,75198.0,77901.0,80729.0,83018.0,85158.0,87547.0,90474.0,93673.0,96893.0,100362.0,103220.0,105829.0,,112370.0,,121278.0,125893.0,129418.0,,136662.0,140218.0,145081.0,150486.0,,160070.0,164084.0,,172947.0,178448.0,183862.0,189278.0,193923.0,198520.0,203051.0,208519.0,214807.0,221305.0,228324.0,234370.0,239941.0,245059.0,250615.0,,264604.0,,279672.0
DataCmltTest,Armenia,,,,,,,,,,,,,,,,,,,,,,,,,,,,,,,,,,,,,,,,,,,,,,,,,,,,211,,,262,,,,,,813,,,,,,,1580,,,,,,3065,3275,3603,,,4666,,,,5823,6081,6484,,,,,,10793,,12680,,,,,,,17931,,,,21125,,,,,25846,,,,,,,,,36016,,,,,,,,,,50397,,,,,,,,,,,,,,,,,,,,,,,,,,,,
DataCmltTest,Australia,,,,,,,,,,,,,,,,,,,,,,,,,,,,,,,,,,,,,,,,,,,,,,,,,,,,,,,,,,,,,,,,,143056.0,,,,,,,211261.0,,,,,,,297154.0,302663.0,310700.0,319368.0,330134.0,338346.0,347847.0,353941.0,362136.0,366493.0,371377.0,380003.0,391530.0,406510.0,420996.0,431734.0,439842.0,452441.0,466659.0,482370.0,494257.0,506449.0,517063.0,530679.0,544410.0,563641.0,588868.0,611583.0,633107.0,650214.0,664756.0,688656.0,722549.0,757250.0,795456.0,827872.0,855119.0,877927.0,909025.0,943480.0,983816.0,1015652.0,1042126.0,1062034.0,1085870.0,1111567.0,1137684.0,1170682.0,1192262.0,1224795.0,1244200.0,1288223.0,1338321.0,1367444.0,1397622.0,1428538.0,1454568.0,1472220.0,1490387.0,1512700.0,1546329.0,1579192.0,1590588.0,1617462.0,1633515.0,1650684.0,1679954.0,1711223.0,1745550.0,1782651.0,1812353.0,1828149.0,1848347.0,1876117.0,1927497.0,1970205.0,2005378.0,2041324.0
DataCmltTest,Austria,,,,,,,,,,,,,,,,,,,,,,,,,,,,,,,,,,,,,,,218.0,321.0,447.0,763.0,1649.0,,,2683.0,3138.0,3711.0,4000.0,4308.0,4509.0,4734.0,5026.0,5362.0,5869.0,6582.0,7467.0,8167.0,8490.0,10278.0,11977.0,13724.0,15613.0,18545.0,21368.0,23429.0,28391.0,32407.0,35995.0,39552.0,42750.0,46441.0,49455.0,52344.0,55863.0,92190.0,98343.0,104134.0,108416.0,111296.0,115235.0,120755.0,126287.0,134743.0,140975.0,144877.0,148412.0,151796.0,156801.0,162816.0,169272.0,175932.0,179243.0,182949.0,189018.0,201794.0,205835.0,212686.0,221089.0,227631.0,232537.0,239578.0,247754.0,256399.0,264079.0,269619.0,274355.0,279071.0,285883.0,292254.0,297894.0,304069.0,311690.0,316508.0,319484.0,329314.0,336252.0,344606.0,351351.0,357393.0,362509.0,365873.0,372435.0,379592.0,,390488.0,396363.0,401857.0,405341.0,411185.0,418706.0,427372.0,434302.0,442143.0,448534.0,451820.0,456378.0,462958.0,471466.0,479449.0,485912.0,489597.0,494761.0,500921.0,506344.0,512501.0,,520976.0,524840.0,527670.0,532700.0,540615.0,545927.0,552130.0,558208.0,560584.0
DataCmltTest,Azerbaijan,,,,,,,,,,,,,,,,,,,,,,,,,,,,,,,,,,,,,,,,,,,,,,,,,,,,,,,,,,6000,,,,,,,,,,,,,,,30000,,40000,,,,,,,,,,,,,,,,,,95747,,,,,120479,,,,,,143079,,,,,164481,,,181530,,,,,,214291,,,,,,,,,,265067,,,,,,,298648,,,,,,,,,,,,,,,,,,,,,
DataCmltTest,Bahamas,,,,,,,,,,,,,,,,,,,,,,,,,,,,,,,,,,,,,,,,,,,,,,,,,,,,,,,,,,,,,,,,,,,,,,,,,,,,,,,,,,,,,,,,,,,,,,,,,,,,,,,,,,,,,,,,,,,,,,,,,,,,,,,,,,,,,,,,,,,,,,,,,,,,,,,,,,,,
DataCmltTest,Bahrain,,,,,,,,,,,,,,,,,,,,,,,,,,,,,,,,,,,,,,,,,,,,,,,,5334.0,,6420.0,,7830.0,8354.0,8810.0,9042.0,,,,12131.0,13553.0,,,19098.0,,,25169.0,,,29533.0,,,31895.0,32596.0,,,,37996.0,39256.0,44386.0,47684.0,50127.0,52804.0,55096.0,57681.0,60706.0,63973.0,67327.0,70813.0,73272.0,76944.0,79612.0,82568.0,86732.0,90307.0,94380.0,97796.0,100031.0,105365.0,110407.0,114110.0,117797.0,121706.0,126905.0,129694.0,134082.0,138278.0,144155.0,149586.0,155501.0,160341.0,166378.0,172158.0,178353.0,184029.0,190780.0,197898.0,205570.0,211127.0,222542.0,230188.0,236828.0,243031.0,248205.0,255633.0,,269179.0,276552.0,281204.0,283884.0,286223.0,291127.0,297873.0,304179.0,309573.0,316807.0,323162.0,330733.0,337773.0,345337.0,354122.0,361376.0,367056.0,374362.0,378235.0,386134.0,393910.0,403036.0,410842.0,418413.0,425192.0,438080.0,,454368.0,,470409.0,
DataCmltTest,Bangladesh,,,,,,,,,,,,,,,,,,,,,,,,,,,,,,,,,,,,,,,,,,,,,,,108.0,111.0,,120.0,127.0,137.0,147.0,163.0,187.0,211.0,241.0,268.0,293.0,342.0,381.0,427.0,463.0,499.0,564.0,620.0,712.0,794.0,920.0,1026.0,1076.0,1185.0,1338.0,1602.0,1759.0,1906.0,2113.0,2547.0,2914.0,3610.0,4402.0,5383.0,6480.0,7664.0,8313.0,9653.0,11223.0,13128.0,14868.0,17003.0,19193.0,21307.0,23941.0,26604.0,29578.0,32674.0,36090.0,39776.0,43012.0,46485.0,50297.0,54733.0,59701.0,64666.0,70239.0,76066.0,81454.0,87698.0,93403.0,99644.0,105511.0,111454.0,116919.0,122657.0,129865.0,136638.0,144538.0,151930.0,160512.0,167294.0,175408.0,185196.0,193645.0,203852.0,214114.0,223841.0,234675.0,243583.0,253034.0,258441.0,266456.0,275776.0,287067.0,297054.0,308930.0,320369.0,333073.0,345583.0,358277.0,372365.0,384851.0,397987.0,410931.0,425495.0,441560.0,457332.0,473322.0,489960.0,504465.0,519503.0,536717.0,554244.0,570503.0,582548.0,599579.0,615164.0
DataCmltTest,Barbados,,,,,,,,,,,,,,,,,,,,,,,,,,,,,,,,,,,,,,,,,,,,,,,,,,,,,,,,,,,,,,,,,,,,,,,,,,,,,,,,,,,,,,,,,,,,,,,,,,,,,,,,,,,,,,,,,,,,,,,,,,,,,,,,,,,,,,,,,,,,,,,,,,,,,,,,,,,,
DataCmltTest,Belarus,,,,,,,,,,,,,,,,,,,,,,,,,,,,,,,,,,,,,,,,,,,,,,5000.0,,,,,,,,,10500.0,,,,16000.0,,,,19000.0,,,,,,,,,,30000.0,31000.0,32000.0,,,,,40000.0,,46000.0,49000.0,,,64000.0,68000.0,71875.0,76198.0,,86813.0,92709.0,98231.0,102566.0,108545.0,114955.0,122543.0,130824.0,139295.0,147525.0,153800.0,161028.0,168986.0,176625.0,186262.0,195430.0,204239.0,211369.0,,,229466.0,240146.0,251771.0,263543.0,274060.0,284445.0,296380.0,308156.0,,,350515.0,,,387673.0,,419004.0,434618.0,,463004.0,472906.0,,,,526559.0,541093.0,553377.0,562945.0,,,,,622313.0,632993.0,,,,,714324.0,,749917.0,760549.0,,800435.0,821887.0,842173.0,
DataCmltTest,Belgium,,,,,,,,,,,,,,,,,,,,,,,,,,,,,,,,,,,,,,,,,,,,56.0,325.0,797.0,1444.0,2146.0,3172.0,3573.0,3984.0,4496.0,5173.0,6085.0,7354.0,9466.0,11178.0,12214.0,13654.0,15434.0,17518.0,20032.0,22489.0,24244.0,25321.0,27762.0,30731.0,33983.0,37111.0,40787.0,43703.0,45532.0,48528.0,53128.0,57169.0,61364.0,65843.0,69556.0,71820.0,75587.0,80599.0,85678.0,90777.0,96421.0,102197.0,107735.0,112891.0,118391.0,125442.0,132151.0,140065.0,147917.0,153487.0,162116.0,169091.0,181386.0,194831.0,210050.0,224219.0,236106.0,250662.0,267202.0,286658.0,307943.0,329225.0,343887.0,355835.0,376360.0,393770.0,410964.0,429047.0,451048.0,468819.0,479107.0,487102.0,503286.0,522535.0,538865.0,555506.0,567077.0,575360.0,582471.0,595194.0,609381.0,616887.0,626617.0,633150.0,638463.0,645188.0,657255.0,670928.0,680230.0,690605.0,697874.0,703043.0,706936.0,714311.0,725061.0,733922.0,743397.0,752243.0,757674.0,765653.0,776837.0,787782.0,797763.0,807796.0,817123.0,821454.0,830150.0,841247.0,852398.0,862374.0,871981.0,881047.0,
DataCmltTest,Belize,,,,,,,,,,,,,,,,,,,,,,,,,,,,,,,,,,,,,,,,,,,,,,,,,,,,,,,,,,,,,,,,,,,,,,,,,,,,,,,,,,,,,,,,,,,,,,,,,,,,,,,,,,,,,,,,,,,,,,,,,,,,,,,,,,,,,,,,,,,,,,,,,,,,,,,,,,,,
DataCmltTest,Benin,,,,,,,,,,,,,,,,,,,,,,,,,,,,,,,,,,,,,,,,,,,,,,,,,,,,,,,,,,,,,,,,,,,,,,,,,,,,,,,,,,,,,,,,,,,,,,,,,,,,,,,,,,,,,,,,,,,,,,,,,,,,,,,,,,,,,,,,,,,,,,,,,,,,,,,,,,,,
DataCmltTest,Bhutan,,,,,,,,,,,,,,,,,,,,,,,,,,,,,,,,,,,,,,,,,,,,,,,,,,,,,,,,,,,,,,,,,,,,,,,,,,,,,,,,,,,,,,,,,,,,,,,,,,,,,,,,,,,,,,,,,,,,,,,,,,,,,,,,,,,,,,,,,,,,,,,,,,,,,,,,,,,,
DataCmltTest,Bolivia,,,,,,,,,,,,,,,,,,,,,,,,,,,,,,,,,,,,,,,,,,,,,,,,,,,,,,,,,26.0,33.0,45.0,50.0,51.0,84.0,111.0,139.0,228.0,273.0,277.0,334.0,442.0,516.0,559.0,574.0,697.0,779.0,836.0,985.0,1118.0,1136.0,1441.0,1549.0,1681.0,1875.0,1997.0,2185.0,2356.0,2528.0,2693.0,2919.0,3230.0,3419.0,3573.0,3923.0,4135.0,4298.0,4420.0,4855.0,4995.0,5297.0,5572.0,5791.0,5988.0,6121.0,6409.0,6551.0,6975.0,7651.0,8080.0,8611.0,8995.0,9156.0,10099.0,10651.0,,11671.0,12553.0,13080.0,13605.0,14159.0,14803.0,15656.0,16404.0,16781.0,17560.0,18566.0,19289.0,20096.0,21205.0,21994.0,22773.0,23639.0,25065.0,26190.0,26965.0,28239.0,28957.0,30040.0,31186.0,32486.0,33946.0,35250.0,36530.0,37276.0,38092.0,39610.0,41035.0,42741.0,44515.0,46069.0,47372.0,48756.0,50114.0,51336.0,52756.0,55114.0,56964.0,58789.0
DataCmltTest,Bosnia,,,,,,,,,,,,,,,,,,,,,,,,,,,,,,,,,,,,,,,,,,,,,,,,,,,,,,,,,,,,,,,,,876,,979,,1229,1475,,2220,2603,3068,3483,4051,,,5934,,6894,,,9189,,,,12172,,14489,15486,,,,,19802,21432,22768,,25830,26822,27603,29130,30793,,,33928,34378,35296,36492,,38791,39989,41282,42318,43451,44380,45810,47149,48528,,,53988,55624,56997,57507,58694,,59934,60528,61111,62567,63596,64623,,65900,66722,,,,,,,72514,73379,74379,75171,,,77494,78309,79079,,80114,,
DataCmltTest,Botswana,,,,,,,,,,,,,,,,,,,,,,,,,,,,,,,,,,,,,,,,,,,,,,,,,,,,,,,,,,,,,,,,,,,,,,,,,,,,,,,,,,,,,,,,,,,,,,,,,,,,,,,,,,,,,,,,,,,,,,,,,,,,,,,,,,,,,,,,,,,,,,,,,,,,,,,,,,,,
DataCmltTest,Brazil,,,,,,,,,,,,,,,,,,,,,,,,,,,,,,,,,,,,,,,,,,,,,,,,,,,,,,,,,,,,,,,,,,,,,,,,,,,,,,,,,62985.0,,,,,,,,,,,,,132467.0,,,,,,,,,,,,,,,,,,,,,,,,,,,,,,,,,,,,,,,485000.0,,,,,,,,,,,,,,,,,,,,,,,
DataCmltTest,Brunei,,,,,,,,,,,,,,,,,,,,,,,,,,,,,,,,,,,,,,,,,,,,,,,,,,,,,,,,,,,,,,,,,,,,,,,,,,,,,,,,,,,,,,,,,,,,,,,,,,,,,,,,,,,,,,,,,,,,,,,,,,,,,,,,,,,,,,,,,,,,,,,,,,,,,,,,,,,,
DataCmltTest,Bulgaria,,,,,,,,,,,,,,,,,,,,,,,,,,,,,,,,,,,,,,,,,,,,,,,,,,,,,,,,,,,,,,,,,,,,,,,,,,,,,,,,,,,,,18502.0,,,,,,,,26417.0,,,27000.0,,,,,,,45208.0,,46510.0,47636.0,48618.0,49145.0,50303.0,51768.0,52931.0,54328.0,56105.0,57231.0,57634.0,58713.0,60100.0,61711.0,63319.0,64480.0,65574.0,65936.0,66810.0,68243.0,,71605.0,73210.0,74096.0,74539.0,74834.0,76391.0,77664.0,79389.0,80742.0,81348.0,81694.0,82914.0,84261.0,85830.0,87890.0,89086.0,89902.0,90329.0,91735.0,93512.0,95820.0,98460.0,101102.0,103077.0,104486.0,108325.0,,112483.0,,116214.0,
DataCmltTest,Burkina Faso,,,,,,,,,,,,,,,,,,,,,,,,,,,,,,,,,,,,,,,,,,,,,,,,,,,,,,,,,,,,,,,,,,,,,,,,,,,,,,,,,,,,,,,,,,,,,,,,,,,,,,,1333,,,,,,,,,,,,,,,,,,,,,,6642,,,,,,,,,,,,,,,,,,,,,,,,,,,,,,,
DataCmltTest,Burundi,,,,,,,,,,,,,,,,,,,,,,,,,,,,,,,,,,,,,,,,,,,,,,,,,,,,,,,,,,,,,,,,,,,,,,,,,,,,,,,,,,,,,,,,,,,,,,,,,,,,,,,,,,,,,,,,,,,,,,,,,,,,,,,,,,,,,,,,,,,,,,,,,,,,,,,,,,,,
DataCmltTest,CaboVerde,,,,,,,,,,,,,,,,,,,,,,,,,,,,,,,,,,,,,,,,,,,,,,,,,,,,,,,,,,,,,,,,,,,,,,,,,,,,,,,,,,,,,,,,,,,,,,,,,,,,,,,,,,,,,,,,,,,,,,,,,,,,,,,,,,,,,,,,,,,,,,,,,,,,,,,,,,,,
DataCmltTest,Cambodia,,,,,,,,,,,,,,,,,,,,,,,,,,,,,,,,,,,,,,,,,,,,,,,,,,,,,,,,,,,,,,,,,,,,,,,,,,,,,,,,,,,,,,,,,,,,,,,,,,,,,,,,,,,,,,,,,,,,,,,,,,,,,,,,,,,,,,,,,,,,,,,,,,,,,,,,,,,,
DataCmltTest,Cameroon,,,,,,,,,,,,,,,,,,,,,,,,,,,,,,,,,,,,,,,,,,,,,,,,,,,,,,,,,,,,,,,,,,,,,,,,,,,,,,,,,,,,,,,,,,,,,,,,,,,,6352,,,,,7687,,,,9254,,,,,10268,,,,,,,,,,,,,,,,,,,,,,,,,,,,,,,,,,,,,,,,,,
DataCmltTest,Canada,,,,,,,,,,,,,,,,,,,,,,,,,,,,,,,,,,,,,,,,,,,,,,,,,,,,,,,,,,,,,53975.0,54956.0,76814.0,88883.0,98824.0,107147.0,125062.0,142154.0,161603.0,170644.0,184201.0,210435.0,241138.0,,256933.0,268154.0,295065.0,311971.0,334849.0,336806.0,346507.0,359269.0,373581.0,383322.0,401552.0,404651.0,428920.0,450717.0,462353.0,487060.0,503003.0,516216.0,536062.0,555551.0,565931.0,576348.0,620101.0,643398.0,669558.0,691663.0,717451.0,740859.0,758412.0,788283.0,832222.0,,893490.0,919368.0,940567.0,942526.0,1001882.0,1032012.0,1067595.0,1093228.0,1118950.0,1145683.0,1169380.0,1172796.0,1232912.0,1265502.0,1296695.0,1319987.0,1336967.0,1372929.0,1375050.0,1401564.0,1431911.0,1454890.0,1479762.0,1500481.0,1528239.0,1559204.0,1593377.0,1631174.0,1663042.0,1691297.0,1721435.0,1751547.0,1787370.0,1824781.0,1830422.0,1868201.0,1896746.0,1930065.0,1955643.0,1989179.0,2028420.0,2072020.0,2113848.0,2152700.0,2183400.0,2216654.0,2254405.0,2295364.0,2339487.0,2382705.0
DataCmltTest,CAR,,,,,,,,,,,,,,,,,,,,,,,,,,,,,,,,,,,,,,,,,,,,,,,,,,,,,,,,,,,,,,,,,,,,,,,,,,,,,,,,,,,,,,,,,,,,,,,,,,,,,,,,,,,,,,,,,,,,,,,,,,,,,,,,,,,,,,,,,,,,,,,,,,,,,,,,,,,,
DataCmltTest,Chad,,,,,,,,,,,,,,,,,,,,,,,,,,,,,,,,,,,,,,,,,,,,,,,,,,,,,,,,,,,,,,,,,,,,,,,,,,,,,,,,,,,,,,,,,,,,,,,,,,,,,,,,,,,,,,,,,,,,,,,,,,,,,,,,,,,,,,,,,,,,,,,,,,,,,,,,,,,,
DataCmltTest,Chile,,,,,,,,,,,,,,,,,,,,,,,,,,,,,,,,,,,,,,,,,,,,,,,,,,,,,,,,,,,,,,,,,,,,,,,,,,,38040.0,40725.0,44130.0,48613.0,51956.0,54864.0,57122.0,60391.0,68353.0,72797.0,76374.0,82271.0,85035.0,87794.0,91873.0,98424.0,103873.0,108891.0,113649.0,118827.0,122357.0,128722.0,135147.0,142267.0,149212.0,155975.0,161235.0,166165.0,172619.0,180517.0,189433.0,199400.0,206218.0,214131.0,222095.0,232108.0,244226.0,255961.0,267904.0,280684.0,294057.0,303340.0,313750.0,325417.0,341512.0,350325.0,363496.0,381011.0,397200.0,409669.0,426003.0,442093.0,457332.0,471758.0,488041.0,501125.0,514523.0,530173.0,546506.0,563320.0,582440.0,599190.0,612772.0,628318.0,646776.0,668556.0,687510.0,708773.0,728815.0,746592.0,761067.0,781043.0,799776.0,819999.0,840150.0,858958.0,873533.0,886169.0,903166.0,923513.0,943593.0,963708.0
DataCmltTest,China,,,,,,,,,,,,,,,,,,,,,,,,,,,,,,,,,,320000,,,,,,,,,,,,,,,,,,,,,,,,,,,,,,,,,,,,,,,,,,,,,,,,,,,,,,,,,,,,,,,,,,,,,,,,,,,,,,,,,,,,,,,,,,,,,,,,,,,,,,,,,,,,,,,,,,,,,,,,,,
DataCmltTest,Colombia,,,,,,,,,,,,,,,,,,,,,,,,,,,,,,,,,,,,,,,,,,,,,,,,636.0,739.0,810.0,813.0,851.0,927.0,1133.0,1393.0,1754.0,2343.0,3176.0,3607.0,3931.0,4690.0,5363.0,5766.0,6064.0,6910.0,7285.0,8051.0,8797.0,9228.0,9486.0,10851.0,12325.0,13816.0,17863.0,20253.0,21412.0,22752.0,23989.0,25547.0,27968.0,30728.0,33858.0,35193.0,37876.0,40618.0,41780.0,43036.0,45351.0,48556.0,52013.0,55501.0,58930.0,62674.0,65097.0,68356.0,71407.0,74864.0,77985.0,81053.0,87106.0,90899.0,95085.0,100153.0,104657.0,108950.0,114602.0,118801.0,123029.0,127105.0,131110.0,135352.0,139739.0,144912.0,151396.0,158933.0,165738.0,171799.0,177050.0,183112.0,190114.0,196417.0,201808.0,208046.0,214536.0,222210.0,235948.0,243119.0,252742.0,260812.0,271118.0,283484.0,295614.0,306411.0,319779.0,331817.0,341142.0,350213.0,362432.0,374592.0,386938.0,399505.0,410719.0,421723.0,432870.0,444933.0,458324.0,470351.0,482832.0,495024.0,507588.0,519990.0,535220.0,550611.0,568324.0,585822.0,604273.0
DataCmltTest,Comoros,,,,,,,,,,,,,,,,,,,,,,,,,,,,,,,,,,,,,,,,,,,,,,,,,,,,,,,,,,,,,,,,,,,,,,,,,,,,,,,,,,,,,,,,,,,,,,,,,,,,,,,,,,,,,,,,,,,,,,,,,,,,,,,,,,,,,,,,,,,,,,,,,,,,,,,,,,,,
DataCmltTest,CongoRepublic,,,,,,,,,,,,,,,,,,,,,,,,,,,,,,,,,,,,,,,,,,,,,,,,,,,,,,,,,,,,,,,,,,,,,,,,,,,,,,,,,,,,,,,,,,,,,,,,,,,,,,,,,,,,,,,,,,,,,,,,,,,,,,,,,,,,,,,,,,,,,,,,,,,,,,,,,,,,
DataCmltTest,CostaRica,,,,,,,,,,,,,,,,,,,,,,,,,,,,,,,,,,,,,,,,,,,,,,,,,,,,,,68.0,157.0,243.0,370.0,413.0,584.0,698.0,852.0,968.0,1087.0,1235.0,1462.0,1619.0,1784.0,1813.0,2490.0,2977.0,3135.0,3357.0,3620.0,3773.0,4146.0,4278.0,4388.0,4582.0,5026.0,5291.0,5453.0,5963.0,6226.0,6380.0,6536.0,6690.0,6796.0,6872.0,7065.0,7279.0,7451.0,7678.0,7730.0,7826.0,8092.0,8393.0,8646.0,8748.0,8835.0,8872.0,8930.0,8989.0,9226.0,9335.0,9502.0,9593.0,9713.0,9819.0,9892.0,10101.0,10375.0,10827.0,11276.0,11868.0,11988.0,12061.0,12507.0,12822.0,13031.0,13696.0,14272.0,14478.0,14616.0,15050.0,15218.0,15704.0,15939.0,16349.0,16506.0,16631.0,17280.0,17654.0,18194.0,18661.0,19176.0,19443.0,19707.0,20122.0,20498.0,20941.0,21275.0,21543.0,21704.0,21933.0,22360.0,22741.0,23224.0,23734.0,24042.0,24279.0,24557.0,25008.0,25455.0,26084.0,26541.0,
DataCmltTest,Croatia,,,,,,,,,,,,,,,,,,,,,,,,,,,,,,,,,,,,,,,,,,,,,,247.0,255.0,273.0,302.0,317.0,327.0,344.0,365.0,,483.0,553.0,649.0,745.0,880.0,1109.0,1181.0,1264.0,,,,,3159.0,3618.0,4208.0,4778.0,5215.0,5900.0,6404.0,7015.0,7680.0,8352.0,9250.0,9833.0,10847.0,11464.0,12322.0,13125.0,13680.0,14612.0,15691.0,16381.0,17790.0,18359.0,19256.0,20158.0,20953.0,21647.0,24186.0,26610.0,,27614.0,28853.0,30213.0,30913.0,31622.0,32817.0,33577.0,34476.0,36917.0,,37557.0,38084.0,39040.0,39973.0,41053.0,41938.0,43378.0,44218.0,44886.0,46071.0,47480.0,48737.0,50340.0,51568.0,52425.0,53877.0,54820.0,55800.0,57021.0,,59911.0,60864.0,61482.0,62422.0,63682.0,64266.0,65094.0,65509.0,66144.0,66405.0,66695.0,67297.0,67814.0,67997.0,68267.0,68514.0,68740.0,68866.0,69115.0,69349.0,69606.0,69721.0,69967.0,70110.0,70254.0,70526.0,70712.0,70995.0,71814.0,72202.0,72478.0
DataCmltTest,Cuba,,,,,,,,,,,,,,,,,,,,,,,,,,,,,,,,,,,,,,,,,,,,,,,,,,,,,,,,,,,,,,,,,518.0,625.0,738.0,893.0,1039.0,1368.0,1665.0,2007.0,2322.0,2766.0,3342.0,4145.0,5202.0,6403.0,7167.0,8223.0,9410.0,10725.0,12023.0,13162.0,15057.0,17133.0,18767.0,20451.0,21837.0,23317.0,25212.0,26982.0,28598.0,30416.0,32276.0,34243.0,36134.0,37991.0,39828.0,41651.0,43508.0,45344.0,47347.0,49409.0,51506.0,53545.0,55542.0,57711.0,59648.0,61613.0,63560.0,65509.0,67335.0,69182.0,71157.0,73129.0,75142.0,77374.0,79834.0,81917.0,83868.0,85556.0,87288.0,89031.0,90911.0,92629.0,94060.0,95511.0,97003.0,98381.0,99745.0,101108.0,103123.0,105274.0,107037.0,108389.0,110349.0,112449.0,114464.0,116468.0,118488.0,120536.0,122603.0,124947.0,127042.0,129132.0,131628.0,133763.0,136249.0,138831.0,141151.0,143733.0,146276.0,148812.0,151164.0,153233.0
DataCmltTest,Cyprus,,,,,,,,,,,,,,,,,,,,,,,,,,,,,,,,,,,,,,,,,,,,,,,,,,,,,,,,,,,,,,,,,,,,,,,,,,,,,,,,,,,,,,,,,,,,,,,,,,,,,,,,,,,64235,,65725,,69037,,72768,74746,77185,78338,,80284,,85301,,,,,,,99733,,,,,,,,,,,,,,,,,,,,,,,,,,,,,
DataCmltTest,CzechRepublic,,,,,,,,,,20.0,28.0,33.0,34.0,37.0,38.0,43.0,48.0,53.0,,56.0,62.0,,64.0,72.0,74.0,75.0,76.0,,77.0,78.0,80.0,,82.0,,,83.0,86.0,98.0,112.0,135.0,170.0,193.0,200.0,211.0,262.0,340.0,407.0,483.0,594.0,787.0,928.0,1193.0,1358.0,1816.0,2353.0,3198.0,4184.0,5212.0,6531.0,7825.0,9581.0,11840.0,13961.0,15843.0,17644.0,19935.0,22997.0,27104.0,31737.0,37096.0,41320.0,44168.0,49327.0,55988.0,62090.0,68763.0,76161.0,81998.0,86810.0,93245.0,101418.0,109887.0,118067.0,123769.0,128660.0,131910.0,135125.0,141298.0,149774.0,158155.0,166443.0,172048.0,176075.0,182642.0,190983.0,199801.0,207702.0,214831.0,219277.0,222658.0,230412.0,239153.0,246475.0,253871.0,258368.0,262253.0,266134.0,273890.0,283273.0,291325.0,298924.0,303434.0,307222.0,311274.0,319083.0,327838.0,335525.0,342427.0,349217.0,353414.0,356967.0,364425.0,372761.0,380279.0,387569.0,395317.0,400376.0,404225.0,411733.0,418974.0,425820.0,431833.0,437946.0,441494.0,443635.0,449356.0,455834.0,461147.0,466158.0,470331.0,472481.0,474608.0,479292.0,483844.0,487912.0,491651.0,495377.0,497029.0,498150.0,501823.0,505846.0,509882.0,514239.0,517642.0,519301.0,520598.0
DataCmltTest,Denmark,,,,,,,,,,1.0,,,,,,2.0,3.0,,4.0,5.0,6.0,,,,,8.0,9.0,10.0,,,11.0,13.0,16.0,18.0,,19.0,,20.0,30.0,61.0,172.0,233.0,307.0,356.0,436.0,499.0,588.0,697.0,824.0,932.0,1161.0,1739.0,2545.0,3428.0,4104.0,4814.0,5397.0,6120.0,7136.0,8084.0,9310.0,11159.0,12338.0,12940.0,13473.0,14598.0,15721.0,17093.0,18707.0,20817.0,22200.0,23501.0,26719.0,29929.0,33486.0,39238.0,45855.0,49552.0,51765.0,58334.0,64718.0,70350.0,72902.0,75228.0,77457.0,79600.0,81749.0,87967.0,93601.0,98933.0,103736.0,106038.0,107924.0,114594.0,124369.0,135974.0,148460.0,163279.0,175711.0,186038.0,203389.0,219656.0,235733.0,251684.0,266123.0,277269.0,286267.0,304048.0,319843.0,334171.0,348542.0,356915.0,365161.0,371848.0,388296.0,403074.0,417832.0,430827.0,443497.0,451195.0,458265.0,473545.0,488480.0,502939.0,511411.0,523716.0,532498.0,541163.0,559457.0,575423.0,590208.0,603372.0,615150.0,622327.0,629960.0,638682.0,654213.0,667665.0,679529.0,689182.0,697152.0,704896.0,721750.0,737395.0,752343.0,766886.0,781747.0,791755.0,800817.0,818526.0,836718.0,855925.0,873198.0,889546.0,899822.0,903106.0
DataCmltTest,DiamonPrinces,,,,,,,,,,,,,,,,,,,,,,,,,,,,,,,,,,,,,,,,,,,,,,,,,,,,,,,,,,,,,,,,,,,,,,,,,,,,,,,,,,,,,,,,,,,,,,,,,,,,,,,,,,,,,,,,,,,,,,,,,,,,,,,,,,,,,,,,,,,,,,,,,,,,,,,,,,,,
DataCmltTest,Djibouti,,,,,,,,,,,,,,,,,,,,,,,,,,,,,,,,,,,,,,,,,,,,,,,,,,,,,,,,,,,,,,,,,,,,,,,,,,,,,,,,,,,,,,,,,,,,,,,,,,,,,,,,,,,,,,,,,,,,,,,,,,,,,,,,,,,,,,,,,,,,,,,,,,,,,,,,,,,,
DataCmltTest,Dominica,,,,,,,,,,,,,,,,,,,,,,,,,,,,,,,,,,,,,,,,,,,,,,,,,,,,,,,,,,,,,,,,,,,,,,,,,,,,,,,,,,,,,,,,,,,,,,,,,,,,,,,,,,,,,,,,,,,,,,,,,,,,,,,,,,,,,,,,,,,,,,,,,,,,,,,,,,,,
DataCmltTest,DominicanRepublic,,,,,,,,,,,,,,,,,,,,,,,,,,,,,,,,,,,,,,,,,,,,,,,,,,,,,,,,,,,,,,,,,,,,,,,,,,,,,,,,,,,,,,,,,,,,,,,,,,,,,,,,,,,,,,,,,,,,,,,,,,,,,,,,,,,,,,,,,,,,,,,,,,,,,,,,,,,,
DataCmltTest,DRC,,,,,,,,,,,,,,,,,,,,,,,,,,,,,,,,,,,,,,,,,,,,,,,,,,,,,,,,,,,,,,,,,,,,,,,,,,,,,,,,,,,,,,,,,,,,,,,,,,,,,,,,1733,,,,,2256,,,,,,,,,,,,,,,,,,,,,,,,,,,,9508,,,,,,,,,,,,,,,,,,,
DataCmltTest,EastTimor,,,,,,,,,,,,,,,,,,,,,,,,,,,,,,,,,,,,,,,,,,,,,,,,,,,,,,,,,,,,,,,,,,,,,,,,,,,,,,,,,,,,,,,,,,,,,,,,,,,,,,,,,,,,,,,,,,,,,,,,,,,,,,,,,,,,,,,,,,,,,,,,,,,,,,,,,,,,
DataCmltTest,Ecuador,,,,,,,,,,,,,,,,,,,,,,,,,,,,,,,,,,,,,,,,,,,,,,,,,,,,,,,,,,,,,480.0,672.0,959.0,1181.0,1661.0,2072.0,2307.0,2598.0,3125.0,3568.0,3935.0,4123.0,4219.0,4828.0,5591.0,6302.0,6656.0,6834.0,7249.0,7590.0,7951.0,8658.0,9639.0,13657.0,14201.0,14584.0,14826.0,15098.0,15614.0,16137.0,16525.0,17513.0,18433.0,19860.0,20480.0,21607.0,23383.0,,,,31134.0,32460.0,33684.0,34347.0,37061.0,38924.0,43727.0,46260.0,,42870.0,44373.0,40630.0,41501.0,43315.0,41938.0,44188.0,44285.0,44349.0,47881.0,50020.0,51395.0,52712.0,53813.0,55384.0,57126.0,59535.0,60696.0,61927.0,64195.0,64777.0,66360.0,67139.0,67718.0,68231.0,68988.0,71422.0,72769.0,74728.0,76143.0,78279.0,79123.0,80376.0,80796.0,82279.0,83400.0,85592.0,87561.0,88946.0,89842.0,91101.0,92964.0,94226.0,95696.0,97575.0,99041.0,100268.0
DataCmltTest,Egypt,,,,,,,,,,,,,,,,,,,,,,,,,,,,,,,,,,,,,,,,,,,,,,,,,,,,,,,,,,,,,,,,,,,,25000,,,,,,,,,,,,,,,,,,,,,,,55000,,,,,,,,,,,,90000,,,,,,,,,,,,,,,,,,,,,,,,,,,,,,,,,,141002,,,,,,,,,,,,,,,,,,,
DataCmltTest,ElSalvador,,,,,,,,,,,,,,,,,,,,,,,,,,,,,,,,,,,,,,,,,,,,,,,,,,,,,,,,,,,,,,,,,,,,,,,,,,,,,,,,,,,,5760.0,6272.0,6729.0,7230.0,7785.0,8333.0,9267.0,10191.0,11160.0,12210.0,13352.0,14375.0,15385.0,16418.0,17423.0,18686.0,20109.0,21364.0,22593.0,24057.0,25492.0,26961.0,28596.0,30387.0,32030.0,33628.0,35411.0,37306.0,39079.0,41090.0,43043.0,44926.0,46831.0,48913.0,51142.0,53412.0,55694.0,57883.0,60341.0,62838.0,65226.0,67663.0,70225.0,72616.0,75146.0,77482.0,79711.0,82243.0,84650.0,86972.0,89358.0,91837.0,94272.0,96647.0,99178.0,101604.0,104060.0,106548.0,108924.0,111274.0,113656.0,116027.0,118483.0,120941.0,123360.0,125759.0,128204.0,130677.0,133151.0,135570.0,137996.0,140429.0,
DataCmltTest,EquatorialGuinea,,,,,,,,,,,,,,,,,,,,,,,,,,,,,,,,,,,,,,,,,,,,,,,,,,,,,,,,,,,,,,,,,,,,,,,,,,,,,,,,,,,,,,,,,,,,,,,,,,,,,,,,,,,,,,,,,,,,,,,,,,,,,,,,,,,,,,,,,,,,,,,,,,,,,,,,,,,,
DataCmltTest,Eritrea,,,,,,,,,,,,,,,,,,,,,,,,,,,,,,,,,,,,,,,,,,,,,,,,,,,,,,,,,,,,,,,,,,,,,,,,,,,,,,,,,,,,,,,,,,,,,,,,,,,,,,,,,,,,,,,,,,,,,,,,,,,,,,,,,,,,,,,,,,,,,,,,,,,,,,,,,,,,
DataCmltTest,Estonia,,,,,,,,,,,,,,,,,,,,,,,,,,,,,,,,,,,,,,,5.0,13.0,23.0,36.0,44.0,62.0,84.0,113.0,149.0,184.0,255.0,284.0,304.0,368.0,425.0,490.0,621.0,804.0,967.0,1462.0,1767.0,1958.0,2496.0,2847.0,3239.0,3876.0,4036.0,4531.0,5934.0,6981.0,8120.0,9373.0,10408.0,11259.0,12408.0,14384.0,15759.0,18265.0,19798.0,20984.0,21843.0,23522.0,24794.0,26399.0,27865.0,29435.0,30330.0,30739.0,32247.0,33953.0,36002.0,37574.0,39584.0,40306.0,40905.0,42194.0,43614.0,45159.0,46258.0,47308.0,47911.0,48380.0,49488.0,51158.0,52718.0,53745.0,54439.0,55173.0,55749.0,57397.0,58935.0,60473.0,61749.0,62699.0,63348.0,63938.0,64950.0,66076.0,67116.0,68081.0,68826.0,69503.0,70170.0,71426.0,72445.0,73717.0,74593.0,75242.0,75769.0,76577.0,78073.0,79596.0,80715.0,81708.0,82741.0,83432.0,84143.0,85166.0,86424.0,87446.0,88562.0,89415.0,90063.0,90611.0,91726.0,92877.0,93828.0,94708.0,95369.0,95984.0,96627.0,97695.0,99144.0,100385.0,101739.0,102483.0,102923.0,103208.0
DataCmltTest,Eswatini,,,,,,,,,,,,,,,,,,,,,,,,,,,,,,,,,,,,,,,,,,,,,,,,,,,,,,,,,,,,,,,,,,,,,,,,,,,,,,,,,,,,,,,,,,,,,,,,,,,,,,,,,,,,,,,,,,,,,,,,,,,,,,,,,,,,,,,,,,,,,,,,,,,,,,,,,,,,
DataCmltTest,Ethiopia,,,,,,,,,,,,,,,,,,,,,,,,,,,,,,,,,,,,,,,,,,,,,,,,,,,,,,,,,,,,79.0,,,,,392.0,,,576.0,,718.0,,,,1013.0,1083.0,,1222.0,,1843.0,2007.0,2271.0,2496.0,2790.0,,,3863.0,4110.0,4557.0,4988.0,5389.0,,,,,8698.0,,10736.0,11669.0,12688.0,,14588.0,15668.0,16434.0,17842.0,,,,24088.0,,26517.0,28360.0,30306.0,,,36624.0,39048.0,41689.0,45278.0,,,,59029.0,62300.0,65760.0,,73164.0,76962.0,,83854.0,87264.0,91616.0,96566.0,101581.0,106615.0,109451.0,112377.0,116309.0,120429.0,,131368.0,,142960.0,147735.0,152334.0,158521.0,165151.0,,176504.0,181349.0,186985.0,192087.0,197361.0,202214.0,207023.0,,216328.0
DataCmltTest,Fiji,,,,,,,,,,,,,,,,,,,,,,,,,,,,,,,,,,,,,,,,,,,,,,,,,,,,,,,,,,,,,,,,,,,,,,,,,,,,,,,,,,,,,,,,,,,,,,,,,,,,,,,,,,,,,,,,,,,,,,,,,,,,,,,,,,,,,,,,,,,,,,,,,,,,,,,,,,,,
DataCmltTest,Finland,,,,,,,,,,,,,73.0,,,,,,,,,,,,,,,,,,,,,,,,,,,77.0,86.0,444.0,459.0,475.0,501.0,552.0,637.0,717.0,822.0,842.0,856.0,978.0,1106.0,1269.0,1618.0,2027.0,2622.0,3266.0,4078.0,5195.0,6210.0,6986.0,8254.0,9849.0,10901.0,12220.0,13799.0,15648.0,17485.0,19490.0,20697.0,21280.0,22361.0,23446.0,25013.0,27266.0,28955.0,32178.0,33825.0,35795.0,37915.0,41216.0,43650.0,46893.0,48211.0,49799.0,50719.0,51910.0,54201.0,57663.0,60377.0,63975.0,66334.0,68124.0,71631.0,75753.0,79333.0,83268.0,86259.0,88731.0,91128.0,94782.0,99090.0,103133.0,106385.0,107845.0,109459.0,111172.0,114852.0,118543.0,122248.0,125413.0,128083.0,129894.0,132150.0,136219.0,140303.0,144233.0,148682.0,151955.0,154285.0,156683.0,161403.0,164922.0,167761.0,170035.0,172530.0,174065.0,175941.0,179487.0,182453.0,185464.0,188172.0,189972.0,191236.0,193048.0,196912.0,199733.0,202429.0,204725.0,206668.0,207611.0,209411.0,212228.0,215077.0,217951.0,220348.0,221711.0,222509.0,224177.0,226926.0,229263.0,231217.0,232513.0,233228.0,233833.0
DataCmltTest,France,,,,,,,,,,,,,,,,,,,,,,,,,,,,,,,,,,,,,,31.0,146.0,412.0,851.0,1316.0,1902.0,2451.0,2887.0,3594.0,4803.0,6046.0,7695.0,9495.0,11071.0,12667.0,15018.0,,,,,36747.0,,,,,,,,,107546.0,,,,,,,224254.0,,,,,,,333807.0,,,,,,,463662.0,,,,,,,595154.0,,,,,,,724574.0,,,,,,,831174.0,,,,,,,,,,,,,,,,,,,,,,,,,,,,,,,,,,,,,,,,,,,,,,,
DataCmltTest,Gabon,,,,,,,,,,,,,,,,,,,,,,,,,,,,,,,,,,,,,,,,,,,,,,,,,,,,,,,,,,,,,,,,,,,,,,,,,,,,,,,,,,,,,,,,,,,,,,,,,,,,,,,,,,,,,,,,,,,,,,,,,,,,,,,,,,,,,,,,,,,,,,,,,,,,,,,,,,,,
DataCmltTest,Gambia,,,,,,,,,,,,,,,,,,,,,,,,,,,,,,,,,,,,,,,,,,,,,,,,,,,,,,,,,,,,,,,,,,,,,,,,,,,,,,,,,,,,,,,,,,,,,,,,,,,,,,,,,,,,,,,,,,,,,,,,,,,,,,,,,,,,,,,,,,,,,,,,,,,,,,,,,,,,
DataCmltTest,Georgia,,,,,,,,,,,,,,,,,,,,,,,,,,,,,,,,,,,,,,,,,,,,,,,,,,,,,,,,,,,,,,,,,,,,,,,,,,,,,,,,,,,,,,,,,,,,,,,,,,,,,,,,,,,,,,,,,,,,,,,,,,,,,,,,,,,,,,,,,,,,,,,,,,,,,,,,,,,,
DataCmltTest,Germany,,,,,,,,,,,,,,,,,,,,,,,,,,,,,,,,,,,,,,,,,,,,,,,,,,,124716.0,,,,,,,252173.0,,,,,,,600792.0,,,,,,,962307.0,,,,,,,1370655.0,,,,,,,1750852.0,,,,,,,2082754.0,,,,,,,2446644.0,,,,,,,2773432.0,,,,,,,3177307.0,,,,,,,3609973.0,,,,,,,3963440.0,,,,,,,4368709.0,,,,,,,4709695.0,,,,,,,5029696.0,,,,,,,
DataCmltTest,Ghana,,,,,,,,,,,,,,,,,,,,,,,,,,,,,,,,,,,,,,,,,,,,,,,,,,,,,,,,,,,,,,,,,,,,,,,,,,,,,,,,,,,14611.0,,,,,,,,,60916.0,68591.0,,,,,,,,,,,,,,,135902.0,,,,,,160501.0,162184.0,165433.0,168685.0,172623.0,174077.0,,180567.0,184343.0,187929.0,192194.0,193705.0,194763.0,198175.0,202130.0,203383.0,205890.0,208328.0,211622.0,214956.0,218425.0,219825.0,220153.0,223065.0,226741.0,229093.0,233734.0,235443.0,239395.0,240204.0,242218.0,245448.0,247592.0,250894.0,254331.0,255971.0,258010.0,261319.0,263725.0,267286.0,,270300.0,
DataCmltTest,Greece,,,,,,,,,,,,,,,,,,,,,,,,,,,,,,,,,,,,,,,,,,,,,,570.0,,,,,,,,,2180.0,2700.0,3400.0,4000.0,4320.0,,6000.0,,,8000.0,,,,10000.0,,13477.0,14363.0,15151.0,15961.0,16732.0,17350.0,18844.0,22437.0,,25453.0,26193.0,28584.0,32528.0,33634.0,35432.0,37344.0,42261.0,43417.0,48798.0,50771.0,,,53290.0,,54344.0,55666.0,56944.0,59241.0,61407.0,63087.0,64608.0,66094.0,69833.0,72130.0,75170.0,77251.0,78207.0,79332.0,80951.0,,87052.0,90043.0,94291.0,97384.0,98877.0,99363.0,106054.0,112042.0,116233.0,120015.0,126283.0,,131684.0,136001.0,139445.0,,144078.0,152998.0,153963.0,155037.0,160991.0,166245.0,170467.0,174844.0,178316.0,180518.0,182423.0,185590.0,,193929.0,,,,229519.0,231759.0,,237276.0,243867.0,247452.0,250923.0,254854.0,259736.0,264930.0,270338.0,274711.0,278895.0,283146.0
DataCmltTest,Grenada,,,,,,,,,,,,,,,,,,,,,,,,,,,,,,,,,,,,,,,,,,,,,,,,,,,,,,,,,,,,,,,,,,,,,,,,,,,,,,,,,,,,,,,,,,,,,,,,,,,,,,,,,,,,,,,,,,,,,,,,,,,,,,,,,,,,,,,,,,,,,,,,,,,,,,,,,,,,
DataCmltTest,Grenadines,,,,,,,,,,,,,,,,,,,,,,,,,,,,,,,,,,,,,,,,,,,,,,,,,,,,,,,,,,,,,,,,,,,,,,,,,,,,,,,,,,,,,,,,,,,,,,,,,,,,,,,,,,,,,,,,,,,,,,,,,,,,,,,,,,,,,,,,,,,,,,,,,,,,,,,,,,,,
DataCmltTest,Guatemala,,,,,,,,,,,,,,,,,,,,,,,,,,,,,,,,,,,,,,,,,,,,,,,,,,,,,,,,,,,,,,,,,,,,,,,,,,,,,,,,,,,,,,,,,,,,,,,,,,,,,,,,,,,,,,,,,,,,,,,,,,,,,,,,,,,,,,,,,,,,,,,,,,,,,,,,,,,,
DataCmltTest,Guinea,,,,,,,,,,,,,,,,,,,,,,,,,,,,,,,,,,,,,,,,,,,,,,,,,,,,,,,,,,,,,,,,,,,,,,,,,,,,,,,,,,,,,,,,,,,,,,,,,,,,,,,6207,,,,,,,7369,,,,,,,,,,,,,,,,,,,,,,,,,,,,,,,,,,,,,,,,,,,,,,
DataCmltTest,GuineaBissau,,,,,,,,,,,,,,,,,,,,,,,,,,,,,,,,,,,,,,,,,,,,,,,,,,,,,,,,,,,,,,,,,,,,,,,,,,,,,,,,,,,,,,,,,,,,,,,,,,,,,,,,,,,,,,,,,,,,,,,,,,,,,,,,,,,,,,,,,,,,,,,,,,,,,,,,,,,,
DataCmltTest,Guyana,,,,,,,,,,,,,,,,,,,,,,,,,,,,,,,,,,,,,,,,,,,,,,,,,,,,,,,,,,,,,,,,,,,,,,,,,,,,,,,,,,,,,,,,,,,,,,,,,,,,,,,,,,,,,,,,,,,,,,,,,,,,,,,,,,,,,,,,,,,,,,,,,,,,,,,,,,,,
DataCmltTest,Haiti,,,,,,,,,,,,,,,,,,,,,,,,,,,,,,,,,,,,,,,,,,,,,,,,,,,,,,,,,,,,,,,,,,,,,,,,,,,,,,,,,,,,,,,,,,,,,,,,,,,,,,,,,,,,,,,,,,,,,,,,,,,,,,,,,,,,,,,,,,,,,,,,,,,,,,,,,,,,
DataCmltTest,Honduras,,,,,,,,,,,,,,,,,,,,,,,,,,,,,,,,,,,,,,,,,,,,,,,,,,,,,,,,,,,,,,,,,,,,,,,,,,,,,,,,,,,,,,,,,,,,,,,,,,,,,,,,,,,,,,,,,,,,,,,,,,,,,,,,,,,,,,,,,,,,,,,,,,,,,,,,,,,,
DataCmltTest,HongKong,,,,,,,,,,,,,,3610.0,,,,,,,,,,,,,,,,,,,,,,,,,,,,,30593.0,,,,,,,,,,,,,,,,,,,,,,,,,,,,,,,96598.0,,,,,,,,,,,,,,,,,,,,,,,,,,,,,,162935.0,,,,,,,,,,,,,,,,,,,,,,,,,,,,,,,238046.0,,,,,,,,,,,,,,,,301108.0,,,,,
DataCmltTest,Hungary,,,,,,,,,,,,,,,,,,,,,,,,,,,,,,,,,,,,,,,,,,,,,,,230.0,,269.0,319.0,362.0,,531.0,609.0,730.0,858.0,1014.0,1236.0,1470.0,1587.0,1803.0,2322.0,3007.0,3477.0,4443.0,5515.0,6113.0,6817.0,8005.0,9275.0,10303.0,12148.0,13301.0,14146.0,15208.0,16401.0,17769.0,19424.0,21250.0,22282.0,23746.0,25748.0,27826.0,29948.0,31961.0,33532.0,34819.0,35825.0,37326.0,38489.0,41590.0,43901.0,46353.0,48057.0,50052.0,52702.0,55390.0,58251.0,60801.0,63505.0,65625.0,67172.0,70300.0,72951.0,76331.0,79551.0,82010.0,83958.0,85557.0,88735.0,94036.0,99058.0,103258.0,108257.0,112165.0,114719.0,118500.0,123258.0,127237.0,131429.0,135137.0,137243.0,138697.0,142729.0,147511.0,155801.0,159260.0,162925.0,164619.0,166263.0,169960.0,174011.0,180152.0,183562.0,185980.0,187965.0,189969.0,191572.0,195894.0,202606.0,206853.0,210202.0,210749.0,214468.0,217689.0,222247.0,226669.0,230169.0,233742.0,235377.0,236828.0,242139.0,245598.0,249391.0,253100.0,256326.0
DataCmltTest,Iceland,,,,,,,,,,,,,,,,,,,,,,,,,,,,,,,,,,,,,,,,,23.0,36.0,68.0,90.0,138.0,183.0,264.0,326.0,383.0,441.0,478.0,576.0,745.0,894.0,1147.0,1504.0,1827.0,2902.0,4609.0,6009.0,7837.0,9148.0,9727.0,10077.0,10260.0,10719.0,11686.0,12574.0,13572.0,14594.0,15443.0,16443.0,17863.0,19475.0,20889.0,22154.0,23599.0,25353.0,27839.0,28951.0,30906.0,32582.0,34084.0,34594.0,35212.0,35447.0,36298.0,37345.0,38163.0,39495.0,41050.0,42721.0,43102.0,43790.0,44427.0,45052.0,45245.0,45930.0,46311.0,46336.0,47024.0,47532.0,48372.0,49094.0,49961.0,50365.0,50436.0,51304.0,51622.0,52242.0,52704.0,53219.0,54154.0,54172.0,54750.0,55034.0,55585.0,56178.0,56701.0,56834.0,56841.0,57146.0,57587.0,58184.0,58254.0,58745.0,58803.0,58815.0,59046.0,59572.0,60100.0,60450.0,60984.0,61081.0,61097.0,61115.0,61314.0,61639.0,62189.0,62727.0,62754.0,62761.0,62829.0,62870.0,62935.0,63004.0,63083.0,63143.0,63157.0,63184.0,63360.0,63428.0,63467.0,63576.0,63640.0,
DataCmltTest,India,,,,,,,,,,,,,,,,,,,,,,,,,,,,,,,,,,,,,,,,,,,,,,,,,,,,,,,,6500.0,,,,,13125.0,13316.0,14376.0,15701.0,16999.0,20707.0,20864.0,25144.0,,27688.0,,,,,,47951.0,69245.0,79950.0,89534.0,101068.0,114015.0,127919.0,144910.0,161330.0,179374.0,195748.0,217554.0,244893.0,274599.0,302956.0,335123.0,372123.0,401586.0,,462621.0,,500542.0,541789.0,579957.0,625309.0,665819.0,716733.0,770764.0,830201.0,902654.0,976363.0,1046450.0,1107233.0,1191946.0,1276781.0,1357413.0,1437788.0,1523213.0,1609037.0,1673688.0,1759579.0,1854250.0,1947041.0,2039952.0,2134277.0,2227642.0,2302792.0,2404267.0,2512388.0,2615920.0,2719434.0,2834798.0,2943421.0,3033591.0,3126119.0,3242160.0,3362136.0,3483838.0,3611599.0,3737027.0,3837207.0,3966075.0,4103233.0,4242718.0,4386379.0,4524317.0,4666386.0,4774434.0,4916116.0,5061332.0,5213140.0,5363445.0,5507182.0,5658614.0,5774133.0,5921069.0,6084256.0,6249668.0,6426627.0,6616496.0,6807226.0
DataCmltTest,Indonesia,,,,,,,,,,,,,,,,,,,,,,,,,,,,,,,,,,,,,,,,,,,,,,,,,,,,,,,,,,,1230.0,1255.0,,1651.0,1898.0,,2409.0,2483.0,2863.0,,,4489.0,5775.0,6266.0,6534.0,6663.0,6777.0,7193.0,7621.0,7986.0,,11460.0,13433.0,14571.0,16848.0,19452.0,19782.0,27075.0,27391.0,31628.0,33001.0,34975.0,37134.0,39422.0,42219.0,43749.0,46173.0,47361.0,48647.0,50563.0,52541.0,56974.0,59409.0,62544.0,67784.0,72351.0,76538.0,79868.0,83012.0,86061.0,88924.0,92976.0,96717.0,103361.0,108699.0,113452.0,116358.0,119728.0,123572.0,127813.0,132060.0,135726.0,140479.0,143035.0,147799.0,154139.0,,168969.0,176035.0,179864.0,183192.0,188302.0,195518.0,201311.0,205250.0,216769.0,223624.0,232113.0,237947.0,246433.0,251736.0,256810.0,264740.0,269146.0,274430.0,281653.0,287478.0,294671.0,302147.0,313275.0,,329190.0,339309.0,348278.0,358659.0,366581.0,376518.0,383105.0
DataCmltTest,Iran,,,,,,,,,,,,,,,,,,,,,,,,,,,,,,,,,,,,,,,,,,,,,,,,,,,,,,,,,,,,,,,,,,,,,,,,,,,,,,,189790.0,,,220975.0,231393.0,242568.0,251703.0,263388.0,,287359.0,299204.0,310340.0,319879.0,330137.0,341662.0,353012.0,365723.0,,389507.0,399927.0,410075.0,421313.0,432329.0,,453386.0,463295.0,475023.0,484541.0,496273.0,508288.0,519543.0,531275.0,544792.0,558899.0,,586699.0,,615477.0,629534.0,643772.0,658604.0,672679.0,686935.0,701640.0,716176.0,731213.0,746045.0,763913.0,781286.0,800519.0,818917.0,837090.0,856546.0,,896571.0,915998.0,935894.0,955865.0,975936.0,997009.0,1019362.0,1040289.0,1060126.0,1084857.0,,1128601.0,1151032.0,,1196947.0,1219400.0,1244074.0,1269194.0,1293609.0,1319920.0,1344599.0,1370718.0,1395675.0,1422407.0
DataCmltTest,Iraq,,,,,,,,,,,,,,,,,,,,,,,,,,,,,,,,,,,,,,,,,,,,,,,,,,,,,,,,,,,,,,,,,,,,,,,,,,,,,,,,,,,,,,,,,,,,,,,,,,,,,,,,,,,,,,,120604,,,,,,,,,,,,,,,,,,,,,,,,,,,,,,,,,,,,,,,,,,,,,
DataCmltTest,Ireland,,,,,,,,,,,,,,,,,,,,,,,,,,,,,,,,,,,,,,,,,,,,,,,,,,,,1784.0,,,,,,,,6636.0,,,,,,17992.0,,,,,,,,30213.0,,,,,,,42484.0,,,,,,,90646.0,,,,,,,111584.0,,,,,,,153054.0,,,,,,,214761.0,,,,,,,258808.0,,,,,,,295626.0,,,,,,,325795.0,,,,,,,348416.0,,,,,,,367780.0,,,,,,,386572.0,,,,,
DataCmltTest,Israel,,,,,,,,,3.0,4.0,,7.0,11.0,,,18.0,25.0,31.0,,,,,71.0,99.0,149.0,184.0,219.0,249.0,252.0,275.0,316.0,362.0,396.0,425.0,462.0,475.0,531.0,607.0,715.0,823.0,994.0,1113.0,1272.0,1460.0,1631.0,1866.0,1995.0,2169.0,2444.0,2780.0,3201.0,3719.0,4239.0,4641.0,5249.0,5946.0,6560.0,7744.0,9089.0,10736.0,12844.0,14918.0,17239.0,19347.0,22697.0,26321.0,31110.0,37045.0,43549.0,49301.0,55040.0,62615.0,69715.0,77704.0,86714.0,96938.0,107267.0,113618.0,123013.0,130507.0,137474.0,143353.0,149096.0,156442.0,163144.0,173745.0,184694.0,197371.0,206821.0,219610.0,231206.0,241812.0,253291.0,268657.0,282269.0,295561.0,309744.0,322369.0,331447.0,339909.0,351033.0,361673.0,370669.0,380598.0,391648.0,397216.0,405244.0,414501.0,423457.0,432922.0,443040.0,451197.0,455065.0,460009.0,469226.0,476762.0,485024.0,493432.0,499126.0,500628.0,505262.0,512953.0,520088.0,526054.0,532212.0,537208.0,537925.0,541734.0,547065.0,553876.0,560591.0,565945.0,567808.0,568866.0,574507.0,582663.0,594420.0,607626.0,622419.0,638855.0,650392.0,665489.0,680053.0,695104.0,713585.0,729396.0,742402.0,749381.0,758218.0,772615.0,788658.0,,,,,
DataCmltTest,Italy,,,,,,,,,,,,,,,,,,,,,,,,,,,,,,,,,,,,,,4324.0,8623.0,9587.0,12014.0,15695.0,18661.0,21127.0,23345.0,25856.0,29837.0,32362.0,36359.0,42062.0,49937.0,53826.0,60761.0,73154.0,86011.0,97488.0,109170.0,124899.0,137962.0,148657.0,165541.0,182777.0,206886.0,233222.0,258402.0,275468.0,296964.0,324445.0,361060.0,394079.0,429526.0,454030.0,477359.0,506968.0,541423.0,581232.0,619849.0,657224.0,691461.0,721732.0,755445.0,807125.0,853369.0,906864.0,963473.0,1010193.0,1046910.0,1073689.0,1117404.0,1178403.0,1244108.0,1305833.0,1356541.0,1398024.0,1450150.0,1513251.0,1579909.0,1642356.0,1707743.0,1757659.0,1789662.0,1846934.0,1910761.0,1979217.0,2053425.0,2108837.0,2153772.0,2191403.0,2246666.0,2310929.0,2381288.0,2445063.0,2514234.0,2565912.0,2606652.0,2673655.0,2735628.0,2807504.0,2875680.0,2944859.0,3004960.0,3041366.0,3104524.0,3171719.0,3243398.0,3318778.0,3391188.0,3447012.0,3482253.0,3539927.0,3607251.0,3683144.0,3755279.0,3824621.0,3878739.0,3910133.0,3962292.0,3999591.0,4049544.0,4114572.0,4187057.0,4236535.0,4263647.0,4318650.0,4381349.0,4443821.0,4514441.0,4564191.0,4620718.0,4648825.0,4695707.0,4773408.0,4831562.0,4889103.0,4943825.0,4984370.0
DataCmltTest,IvoryCoast,,,,,,,,,,,,,,,,,,,,,,,,,,,,,,,,,,,,,,,,,,,,,,,,,,,,,,,,,,,,,,,,,,,,,,,,,,,,,,,,,,,,,,,,,,,,,,,,,,,,,,,,,,,,,,,,,,,,,,,,,,,,,,,,,,,,,,,,,,,,,,,,,,,,,,,,,,,,
DataCmltTest,Jamaica,,,,,,,,,,,,,,,,,,,,,,,,,,,,,,,,,,,,,,,,,,,,,,,,,,,,,,,,,,,,,,,,,,,,,,250,,,,,442,,,,,,,,,,,,,,,,1516,,,,,,,,,3262,,,,,,,5633,,,,,,,,,7465,,,,,,,,,,,,,,,,,,,,,,,,,,,,,,,,,,,,,,,,
DataCmltTest,Japan,,,,,,,,,,,,,,,,,,,,,,,,938.0,,954.0,964.0,978.0,,,1251.0,1287.0,1296.0,1432.0,1522.0,1607.0,1703.0,1742.0,1846.0,1890.0,2058.0,2209.0,,2517.0,2613.0,2684.0,6519.0,6777.0,7476.0,8029.0,8176.0,8286.0,9600.0,10024.0,10205.0,12060.0,12919.0,13026.0,13068.0,15151.0,15354.0,14901.0,18844.0,18963.0,20228.0,20340.0,24430.0,23521.0,25171.0,27005.0,28464.0,28760.0,28966.0,32497.0,34508.0,34510.0,39446.0,42882.0,44639.0,46172.0,55311.0,61498.0,64387.0,68771.0,74891.0,77381.0,78702.0,89551.0,94236.0,100703.0,106372.0,111531.0,112816.0,116725.0,124550.0,130587.0,135983.0,141600.0,147454.0,149074.0,150692.0,160546.0,164255.0,165609.0,174150.0,181527.0,183251.0,184586.0,186343.0,188927.0,190030.0,202013.0,211997.0,214256.0,218204.0,223649.0,223667.0,233144.0,230882.0,240368.0,244452.0,250151.0,255675.0,258277.0,261572.0,265502.0,268477.0,271201.0,272688.0,276170.0,278642.0,281293.0,284763.0,287754.0,290436.0,292569.0,296383.0,300277.0,303633.0,307462.0,311447.0,314483.0,316848.0,321053.0,324675.0,328730.0,332207.0,336161.0,338758.0,340918.0,344526.0,348051.0,396433.0,403380.0,409022.0,412669.0
DataCmltTest,Jordan,,,,,,,,,,,,,,,,,,,,,,,,,,,,,,,,,,,,,,,,,,,,,,,,,,,,,,,,,,,,,,,,,,,,,,,,,,,,,,,,,,,,,,,,,,,,,,,,,,,,,,,,,,,,,,,,,,,,,,,,,,,,,,,,,,,,,,,,,,,,,,,,,,,,,,,,,,,,
DataCmltTest,Kazakhstan,,,,,,,,,,,,,,,,,,,,,,,,,,,,,,,,,,,,,,,,,,,,,,,,,,,,,,,,126.0,445.0,652.0,1038.0,1970.0,2234.0,3284.0,4100.0,5275.0,6508.0,8262.0,9884.0,11349.0,13460.0,15147.0,16622.0,19318.0,21013.0,30905.0,32819.0,35191.0,43149.0,45552.0,50522.0,52881.0,54767.0,56775.0,59371.0,61955.0,65856.0,69304.0,73106.0,76904.0,81359.0,85735.0,92299.0,100878.0,108832.0,117949.0,126727.0,139207.0,153492.0,164505.0,180502.0,196298.0,205560.0,216276.0,232415.0,249527.0,268534.0,282862.0,296136.0,306861.0,320411.0,336480.0,353843.0,371126.0,385104.0,398411.0,408713.0,422011.0,439495.0,459736.0,483236.0,505216.0,527440.0,540708.0,553062.0,571547.0,591502.0,612997.0,635712.0,657214.0,671774.0,687267.0,710352.0,735273.0,761727.0,788289.0,812881.0,828377.0,843626.0,867286.0,892101.0,915904.0,942576.0,965089.0,981373.0,998556.0,1023417.0,1050098.0,1078539.0,1108919.0,1136194.0,1160776.0,1184416.0,1211577.0,1239138.0,1269588.0,1302094.0,1330577.0
DataCmltTest,Kenya,,,,,,,,,,,,,,,,,,,,,,,,,,,,,,,,,,,,,,,,,,,,,,,,,31.0,,,,,,,,,,,111.0,132.0,173.0,,,,,,,600.0,,833.0,902.0,1074.0,1308.0,1688.0,2350.0,2712.0,3084.0,3614.0,4277.0,4973.0,5278.0,5586.0,6192.0,6683.0,7449.0,8123.0,8817.0,9620.0,10324.0,10774.0,11889.0,13239.0,13872.0,14704.0,15411.0,16079.0,16738.0,,,,,,20268.0,21702.0,22897.0,23780.0,24792.0,25869.0,,,29430.0,31041.0,32097.0,32938.0,33916.0,35432.0,36918.0,39018.0,,43712.0,44851.0,46784.0,49405.0,52507.0,55074.0,,59260.0,61971.0,64264.0,67341.0,70172.0,74003.0,,78536.0,80054.0,82946.0,85058.0,87698.0,90875.0,94507.0,97340.0,98439.0,100683.0,102956.0,106247.0,108666.0,112171.0,115336.0,118701.0,121956.0,,130498.0,133541.0,136361.0,140012.0
DataCmltTest,Kiribati,,,,,,,,,,,,,,,,,,,,,,,,,,,,,,,,,,,,,,,,,,,,,,,,,,,,,,,,,,,,,,,,,,,,,,,,,,,,,,,,,,,,,,,,,,,,,,,,,,,,,,,,,,,,,,,,,,,,,,,,,,,,,,,,,,,,,,,,,,,,,,,,,,,,,,,,,,,,
DataCmltTest,Kosovo,,,,,,,,,,,,,,,,,,,,,,,,,,,,,,,,,,,,,,,,,,,,,,,,,,,,,,,,,,,,,,,,,,,,,,,,,,,,,,,,,,,,,,,,,,,,,,,,,,,,,,,,,,,,,,,,,,,,,,,,,,,,,,,,,,,,,,,,,,,,,,,,,,,,,,,,,,,,
DataCmltTest,Kuwait,,,,,,,,,,,,,,,,,,,,,,,,,,,,,,,,,,,,,,,,,,,,,,,,,,,,,,,,,,,,,,,,,,,,,,,,,,,,,,,,,,,,,,,,,,,,,,,,,,,,,,,,,,,,,,,,,,,,,227000.0,231930.0,236004.0,240716.0,244476.0,248314.0,252696.0,256314.0,261071.0,264959.0,268154.0,271089.0,273812.0,276207.0,278945.0,282341.0,286352.0,290013.0,293362.0,297026.0,300351.0,303285.0,306006.0,308900.0,311624.0,315285.0,318284.0,321502.0,324373.0,327144.0,330129.0,332288.0,334612.0,337387.0,340142.0,343027.0,346325.0,349412.0,351636.0,354378.0
DataCmltTest,Kyrgyzstan,,,,,,,,,,,,,,,,,,,,,,,,,,,,,,,,,,,,,,,,,,,,,,,,,,,,,,,,,,,,,,,,,,,,,,,,,,8186,,,,,,,,,,,,,24901,,,,29550,31460,,,,,,,44127,,46627,,,,,,,,58030,,,,,,,,,,,,,,,,,,,,,,,,,,,,,,,,,,,,,,,,,,,,,,,
DataCmltTest,Laos,,,,,,,,,,,,,,,,,,,,,,,,,,,,,,,,,,,,,,,,,,,,,,,,,,,,,,,,,,,,,,,,,,,,,,,,,,,,,,,,,,,,,,,,,,,,,,,,,,,,,,,,,,,,,,,,,,,,,,,,,,,,,,,,,,,,,,,,,,,,,,,,,,,,,,,,,,,,
DataCmltTest,Latvia,,,,,,,,,,,,,,,,,,,,,,,,,,,,,,,,,,,,,,,,,,,116.0,126.0,163.0,204.0,240.0,275.0,307.0,321.0,343.0,391.0,450.0,497.0,576.0,703.0,1019.0,1353.0,1704.0,2199.0,2954.0,3674.0,4373.0,5762.0,6573.0,7758.0,8645.0,9796.0,10613.0,11702.0,12748.0,13805.0,14307.0,14807.0,15810.0,16834.0,18198.0,19380.0,20680.0,21453.0,22575.0,24036.0,25458.0,26656.0,27796.0,28214.0,28776.0,29018.0,29896.0,31302.0,32837.0,34697.0,35881.0,36668.0,37972.0,39336.0,41041.0,43080.0,45743.0,47617.0,49181.0,51561.0,54811.0,57886.0,61120.0,63102.0,64245.0,65464.0,66150.0,68627.0,71069.0,73016.0,75571.0,76592.0,77147.0,79047.0,81246.0,83275.0,85431.0,87377.0,88405.0,89123.0,90968.0,92751.0,94621.0,96366.0,97846.0,99049.0,99770.0,101598.0,103553.0,105504.0,106931.0,108174.0,109071.0,109723.0,111404.0,112965.0,114451.0,115461.0,116535.0,117660.0,118322.0,120052.0,121783.0,123364.0,124662.0,126054.0,127450.0,128145.0,129836.0,131646.0,133557.0,134881.0,136567.0,137861.0
DataCmltTest,Lebanon,,,,,,,,,,,,,,,,,,,,,,,,,,,,,,,,,,,,,,,,,,,,,,,,,,,,,,,,,,,,,,,,,,,,,,,,,,,,,,,,,,,,,,,,,,,,,,,,,,,,,,,,,,,,,,,,48673,,,,53269,,,,,,,,,,,,,,,,,,,,,,,,,,,,,,,,,,,,,,,,
DataCmltTest,Lesotho,,,,,,,,,,,,,,,,,,,,,,,,,,,,,,,,,,,,,,,,,,,,,,,,,,,,,,,,,,,,,,,,,,,,,,,,,,,,,,,,,,,,,,,,,,,,,,,,,,,,,,,,,,,,,,,,,,,,,,,,,,,,,,,,,,,,,,,,,,,,,,,,,,,,,,,,,,,,
DataCmltTest,Liberia,,,,,,,,,,,,,,,,,,,,,,,,,,,,,,,,,,,,,,,,,,,,,,,,,,,,,,,,,,,,,,,,,,,,,,,,,,,,,,,,,,,,,,,,,,,,,,,,,,,,,,,,,,,,,,,,,,,,,,,,,,,,,,,,,,,,,,,,,,,,,,,,,,,,,,,,,,,,
DataCmltTest,Libya,,,,,,,,,,,,,,,,,,,,,,,,,,,,,,,,,,,,,,,,,,,,,,,,,,,,,,,,,,,,,,,,,,,,,,,,,,,,,,,,,,,,,,,,,,,,,,,,,,,,,,,,,,,,,,,,,,,,,,,,,,,,,,,,,,,,,,,,,6871,,,,,,,,,,,,,,,,,,,
DataCmltTest,Liechtenstein,,,,,,,,,,,,,,,,,,,,,,,,,,,,,,,,,,,,,,,,,,,,,,,,,,,,,,,,,,,,,,,,,,,,,,,,,,,,,,,,,,,,,,,,,,,,,,,,,,,,,,,,,,,,,,,,,,,,,,,,,,,,,,,,,,,,,,,,,,,,,,,,,,,,,,,,,,,,
DataCmltTest,Lithuania,,,,,,,,,,,,,,,,,,,,,,,,,,,,,,,,,,,,,,,,,,76.0,,,,,226.0,,,,,,,,,366.0,,,624.0,742.0,935.0,,,,2086.0,,,3471.0,,5495.0,6900.0,8424.0,9891.0,,12574.0,15623.0,18432.0,21376.0,23645.0,25599.0,27807.0,,32809.0,36051.0,38472.0,,41503.0,42690.0,44677.0,48537.0,53101.0,58816.0,64035.0,66352.0,70753.0,76793.0,83591.0,90992.0,98948.0,104488.0,106775.0,111809.0,118201.0,125555.0,132768.0,138270.0,141678.0,144029.0,149106.0,156493.0,164088.0,172191.0,180332.0,183913.0,186565.0,192386.0,200264.0,208253.0,216247.0,224040.0,228726.0,,237600.0,245580.0,,259043.0,264882.0,,269889.0,275058.0,281232.0,287982.0,294091.0,,302859.0,304854.0,309725.0,315112.0,321040.0,326294.0,,,335686.0,340073.0,345392.0,350788.0,356062.0,360670.0,363528.0,365136.0,369546.0,375572.0,381225.0,386194.0,390457.0,392553.0
DataCmltTest,Luxembourg,,,,,,,,,,,,,,,,,,,,,,,,,,,,,,,,,,,,,,,,,,,,,,,,,,,,,,,,,,,,,,,,,,,,,,,,,,,18690.0,,21463.0,22793.0,,24291.0,,,27521.0,28273.0,28965.0,29315.0,,29523.0,30723.0,31660.0,32394.0,33252.0,33666.0,33798.0,34962.0,36087.0,36891.0,37782.0,38514.0,39003.0,39102.0,39741.0,41758.0,42643.0,44895.0,47460.0,48118.0,48339.0,49299.0,50533.0,51883.0,53257.0,54463.0,55250.0,55415.0,56394.0,57687.0,58727.0,59987.0,60246.0,62153.0,62260.0,63011.0,64018.0,,65724.0,66653.0,67729.0,68107.0,68829.0,70148.0,71098.0,72996.0,74366.0,75432.0,75594.0,78026.0,79484.0,82377.0,83673.0,84934.0,88051.0,88234.0,88914.0,91203.0,98232.0,101877.0,106062.0,106604.0,110946.0,116869.0,124071.0,132501.0,138497.0,144103.0,148014.0
DataCmltTest,Macau,,,,,,,,,,,,,,,,,,,,,,,,,,,,,,,,,,,,,,,,,,,,,,,,,,,,,,,,,,,,,,,,,,,,,,,,,,,,,,,,,,,,,,,,,,,,,,,,,,,,,,,,,,,,,,,,,,,,,,,,,,,,,,,,,,,,,,,,,,,,,,,,,,,,,,,,,,,,
DataCmltTest,Madagascar,,,,,,,,,,,,,,,,,,,,,,,,,,,,,,,,,,,,,,,,,,,,,,,,,,,,,,,,,,,,,,,,,,,,,,,,,,,,,,,,,,,,,,,,,,,,,,,,,,,,,,,,,,,,,,,,,,,,,,,,,,,,,,,,,,,,,,,,,11311,,,,,,,,,,,,,,,,,,,
DataCmltTest,Malawi,,,,,,,,,,,,,,,,,,,,,,,,,,,,,,,,,,,,,,,,,,,,,,,,,,,,,,,,,,,,,,,,,,,,,,,,,,,,,,,,,,,,,,,,,,,,,,,,,,,,,,,,,774,,,915,961,,,,,,,,,,,,,,,,,,,,,,,,,,,,,,,,,,,,,,,,,,,,,,,
DataCmltTest,Malaysia,,,,,,,,,,,,,,,,,,,,,,,,,,,,653.0,,656.0,757.0,797.0,,880.0,968.0,,1028.0,1054.0,1067.0,1091.0,1545.0,1548.0,,,1739.0,,1983.0,,,,,2686.0,,3573.0,3691.0,,4899.0,,,6842.0,,8873.0,10143.0,,11275.0,13110.0,13594.0,15820.0,16983.0,24168.0,29461.0,,31206.0,32264.0,35802.0,37599.0,39458.0,40923.0,43539.0,47457.0,52485.0,58240.0,63367.0,67951.0,71897.0,77491.0,81730.0,84791.0,87183.0,,96695.0,100794.0,103892.0,108216.0,,113755.0,117406.0,121722.0,126970.0,131491.0,138898.0,146799.0,154203.0,,168784.0,184213.0,195833.0,205598.0,213220.0,222150.0,231019.0,239628.0,,256937.0,266048.0,,,297342.0,424306.0,434136.0,443263.0,,462257.0,471318.0,481411.0,491729.0,500469.0,507682.0,513370.0,519944.0,,530501.0,537894.0,546368.0,553183.0,560738.0,567287.0,575505.0,582486.0,590613.0,599454.0,,614239.0,620320.0,625775.0,631608.0,640680.0,646055.0,651344.0,656210.0,659632.0,664334.0,669589.0,674551.0,679826.0,683968.0
DataCmltTest,Maldives,,,,,,,,,,,,,,,,,,,,,,,,,,,,,,,,,,,,,,,,,,,,,,,,,,,,,,,,,,,221.0,254.0,463.0,519.0,563.0,593.0,643.0,673.0,,776.0,799.0,823.0,880.0,916.0,,1132.0,1199.0,1291.0,1383.0,1486.0,1508.0,1793.0,,,2434.0,,,2632.0,2692.0,2716.0,3090.0,3178.0,,,,,,,4650.0,5199.0,5462.0,5890.0,6216.0,6636.0,,7311.0,7754.0,8219.0,8601.0,8889.0,9386.0,9868.0,10275.0,10749.0,11337.0,11816.0,12246.0,12401.0,,13291.0,13689.0,14476.0,14854.0,15280.0,15827.0,16351.0,16846.0,17174.0,17772.0,18483.0,19159.0,20020.0,20842.0,21639.0,22319.0,23127.0,23825.0,24784.0,25591.0,26243.0,27044.0,27977.0,28707.0,29582.0,,31355.0,32127.0,32784.0,33348.0,34112.0,34741.0,,36857.0,37491.0,38623.0,,40848.0,41554.0
DataCmltTest,Mali,,,,,,,,,,,,,,,,,,,,,,,,,,,,,,,,,,,,,,,,,,,,,,,,,,,,,,,,,,,,,,,,,,,,,,,,,,,,,,,,,,,,,,,,,,,,,,,,,,,,,,,,,,,,,,,,,,,,,,,,,,,,,,,,,,,,,,,,,,,,,,,,,,,,,,,,,,,,
DataCmltTest,Malta,,,,,,,,,,,,,,,,,,,,,,,,,,,,,,,,,,,,,,,,,,,,,,,,,,,,,,,,,,,,,,,,,,,,,,,,,,,,,,,,,,,,,,,,,,,,,,,,,,,,,,,,,,,,,,,,,,,,,,,,,,,,,,,,,,,,,,,,,,,,,,,,,,,,,,,,,,,,
DataCmltTest,MarshallIslands,,,,,,,,,,,,,,,,,,,,,,,,,,,,,,,,,,,,,,,,,,,,,,,,,,,,,,,,,,,,,,,,,,,,,,,,,,,,,,,,,,,,,,,,,,,,,,,,,,,,,,,,,,,,,,,,,,,,,,,,,,,,,,,,,,,,,,,,,,,,,,,,,,,,,,,,,,,,
DataCmltTest,Mauritania,,,,,,,,,,,,,,,,,,,,,,,,,,,,,,,,,,,,,,,,,,,,,,,,,,,,,,,,,,,,,,,,,,,,,,,,,,,,,,,,,,,,,,,,,,,,,,,,,,,,,,,,,,,,,,,,,,,,,,,,,,,,,,,,,,,,,,,,,,,,,,,,,,,,,,,,,,,,
DataCmltTest,Mauritius,,,,,,,,,,,,,,,,,,,,,,,,,,,,,,,,,,,,,,,,,,,,,,,,,,,,,,,,,,,,,,,,,,,,,,,,,,,,,,,,,,,,,,,,,,,,,,,,,,,,,,,,,,,,,,,,,,,,,,,,,,,,92764,98075,,,,,106494,,,114237,,,,120358,,,,,,,,,,,,,,,,,,,
DataCmltTest,Mexico,487.0,508.0,573.0,625.0,681.0,727.0,773.0,788.0,821.0,864.0,915.0,946.0,985.0,1017.0,1025.0,1037.0,1050.0,1101.0,1146.0,1190.0,1219.0,1227.0,1243.0,1314.0,1363.0,1404.0,1439.0,1471.0,1480.0,1497.0,1525.0,1555.0,1585.0,1608.0,1634.0,1646.0,1655.0,1687.0,1719.0,1758.0,1803.0,1868.0,1893.0,1920.0,1999.0,2074.0,2143.0,2209.0,2262.0,2287.0,2322.0,2401.0,2508.0,2643.0,2847.0,3130.0,3292.0,3463.0,3728.0,4183.0,4689.0,5279.0,5851.0,6248.0,6561.0,7398.0,8528.0,9762.0,10985.0,12450.0,13218.0,13960.0,15629.0,17120.0,18702.0,20392.0,22118.0,23190.0,23996.0,25983.0,27959.0,30122.0,31752.0,33671.0,35043.0,36231.0,39017.0,41886.0,44643.0,47294.0,50284.0,51888.0,53356.0,56895.0,60164.0,63318.0,66760.0,70639.0,72786.0,74675.0,78879.0,83190.0,87833.0,92831.0,95840.0,98596.0,101287.0,107092.0,111973.0,117512.0,123155.0,129156.0,132507.0,135150.0,141810.0,148599.0,155361.0,162358.0,169826.0,173877.0,176628.0,184795.0,192131.0,200031.0,207700.0,215761.0,219794.0,223119.0,232101.0,240714.0,249696.0,258217.0,267002.0,271998.0,275597.0,285538.0,294812.0,304670.0,314286.0,324283.0,329338.0,333087.0,343865.0,354530.0,365198.0,375483.0,386023.0,390786.0,394397.0,404520.0,413311.0,420852.0,426692.0,,,
DataCmltTest,Micronesia,,,,,,,,,,,,,,,,,,,,,,,,,,,,,,,,,,,,,,,,,,,,,,,,,,,,,,,,,,,,,,,,,,,,,,,,,,,,,,,,,,,,,,,,,,,,,,,,,,,,,,,,,,,,,,,,,,,,,,,,,,,,,,,,,,,,,,,,,,,,,,,,,,,,,,,,,,,,
DataCmltTest,Moldova,,,,,,,,,,,,,,,,,,,,,,,,,,,,,,,,,,,,,,,,,,,,,,,,,,,,,,,,,,,,,,,,,,,,,,,,,,,,,,,,,,,,,,,,,,,,,,,,,,,,,,,,,,,,,,,,,,,,,,,,,,,,,,,,,,,,,,,,,,,,,,,,,,,,,,,,,,,,
DataCmltTest,Monaco,,,,,,,,,,,,,,,,,,,,,,,,,,,,,,,,,,,,,,,,,,,,,,,,,,,,,,,,,,,,,,,,,,,,,,,,,,,,,,,,,,,,,,,,,,,,,,,,,,,,,,,,,,,,,,,,,,,,,,,,,,,,,,,,,,,,,,,,,,,,,,,,,,,,,,,,,,,,
DataCmltTest,Mongolia,,,,,,,,,,,,,,,,,,,,,,,,,,,,,,,,,,,,,,,,,,,,,,,,,,,,,,,,,,,,,,,,,,,,,,,,,,,,,,,,,,,,,,,,,,,,,,,,,,,,,,,,,,,,,,,,,,,,,,,,,,,,,,,,,,,,,,,,,,,,,,,,,,,,,,,,,,,,
DataCmltTest,Montenegro,,,,,,,,,,,,,,,,,,,,,,,,,,,,,,,,,,,,,,,,,,,,,,,,,,,,,,,,,,,,,,,,,,,,,,,,,,,,,,,,,,,,,,,,,,,,,,,,,,,,,,,,,,,,,,,,,,,,,,,,,,,,,,,,,,,,,,,,,,,,,,,,,,,,,,,,,,,,
DataCmltTest,Morocco,,,,,,,,,,,,,,,,,,,,,9.0,,,,,,,,10.0,,,,11.0,,,12.0,13.0,14.0,15.0,17.0,19.0,,25.0,,29.0,33.0,35.0,42.0,52.0,57.0,,62.0,66.0,84.0,97.0,101.0,130.0,150.0,189.0,227.0,317.0,370.0,464.0,537.0,627.0,786.0,855.0,995.0,1206.0,1768.0,1976.0,2273.0,2751.0,2900.0,3345.0,3624.0,3910.0,4321.0,4848.0,5104.0,5437.0,5752.0,6383.0,7239.0,7948.0,8604.0,9128.0,9922.0,10650.0,11996.0,12952.0,13689.0,15123.0,16386.0,18100.0,19885.0,21947.0,23933.0,25443.0,27399.0,29254.0,31250.0,32930.0,34841.0,37006.0,39367.0,42112.0,45302.0,49570.0,52958.0,56492.0,59871.0,63059.0,65924.0,68980.0,71815.0,75870.0,77922.0,81616.0,85004.0,89957.0,95536.0,100367.0,106004.0,112997.0,123402.0,133561.0,142882.0,152203.0,161365.0,170713.0,180189.0,190061.0,199998.0,209139.0,221554.0,234651.0,247824.0,261010.0,275349.0,289457.0,305953.0,322703.0,339571.0,356051.0,372591.0,389142.0,405898.0,422520.0,439272.0,455768.0,471736.0,488947.0,505636.0,522166.0,538191.0
DataCmltTest,Mozambique,,,,,,,,,,,,,,,,,,,,,,,,,,,,,,,,,,,,,,,,,,,,,,,,,,,,,,,,,,,,,,,,,,,,,,,,,,,,,,,,,,,,,,,,,,,,,,,,,,,,,,,,,2246,,,,3041,,,,,3923,,,,,,,,,,,,,,,,,,,,,,,,,,,,,,,,,,,,,,,,,,
DataCmltTest,Myanmar,,,,,,,,,,,,,,,,,,,,,,,,,,,,,,,,,,,,,,,,,,,,,,,,,,,,,,,,,,,,,,,,,,,,,,,,,,,,,1183.0,1246.0,,1340.0,,1406.0,1543.0,1619.0,1849.0,2134.0,2443.0,2803.0,3236.0,,3880.0,4147.0,4517.0,4919.0,5195.0,5446.0,5774.0,6115.0,6531.0,,7215.0,7608.0,7890.0,8085.0,8240.0,8580.0,8794.0,9038.0,9295.0,10042.0,10266.0,10832.0,11222.0,11482.0,11822.0,12062.0,12482.0,12995.0,13634.0,13999.0,14561.0,15137.0,15838.0,16550.0,17674.0,17875.0,18644.0,19549.0,20312.0,21442.0,22464.0,23490.0,24413.0,25640.0,27077.0,28251.0,29923.0,31701.0,33587.0,35432.0,37319.0,39211.0,40600.0,42416.0,43936.0,45926.0,47710.0,49729.0,51451.0,53351.0,55412.0,56726.0,58630.0,60128.0,,
DataCmltTest,Namibia,,,,,,,,,,,,,,,,,,,,,,,,,,,,,,,,,,,,,,,,,,,,,,,,,,,,,,,,,,,,,,,,,,,,,,,,,,,,,,,,,,,,,,,,,,,,,,,,,,,,,,,,,,,,,,,,,,,,,,,,,,,,,,,,,,,,,,,,,,,,,,,,,,,,,,,,,,,,
DataCmltTest,Nauru,,,,,,,,,,,,,,,,,,,,,,,,,,,,,,,,,,,,,,,,,,,,,,,,,,,,,,,,,,,,,,,,,,,,,,,,,,,,,,,,,,,,,,,,,,,,,,,,,,,,,,,,,,,,,,,,,,,,,,,,,,,,,,,,,,,,,,,,,,,,,,,,,,,,,,,,,,,,
DataCmltTest,Nepal,,,,,,,,,,,3.0,4.0,5.0,,,,,14.0,,18.0,,,,,,20.0,24.0,,,34.0,,35.0,210.0,212.0,,,216.0,217.0,221.0,222.0,,224.0,,243.0,425.0,433.0,,,437.0,,,,445.0,447.0,450.0,456.0,,467.0,478.0,496.0,512.0,529.0,546.0,,572.0,609.0,610.0,687.0,758.0,802.0,875.0,917.0,993.0,1060.0,1145.0,1185.0,1308.0,1521.0,1642.0,1890.0,2122.0,2366.0,2895.0,3111.0,4426.0,5184.0,5691.0,6299.0,6871.0,7240.0,7458.0,8013.0,8081.0,8414.0,8763.0,9014.0,9200.0,9402.0,9666.0,9931.0,10471.0,10807.0,11524.0,12011.0,12577.0,13098.0,13424.0,13640.0,13850.0,14096.0,14511.0,15492.0,16309.0,16898.0,17809.0,18964.0,21340.0,22664.0,23914.0,26691.0,28161.0,30724.0,33006.0,35494.0,38737.0,42517.0,45959.0,48815.0,51642.0,54697.0,58277.0,60916.0,64154.0,66729.0,69587.0,71903.0,75343.0,80267.0,84134.0,88366.0,92477.0,96205.0,100971.0,106330.0,110744.0,115937.0,121862.0,127288.0,133377.0,,,,,,,
DataCmltTest,Netherlands,,,,,,,,,,,,,,,,,,,,,,,,,,,,,,,,,,,,,,,,,,,,,,,,,,,,,,,,,,17080.0,,,,,,,38418.0,,,,,,,63163.0,,,,,,,92261.0,,,,,,,131221.0,,,,,,,171323.0,,,,,,,209718.0,,,,,,,238532.0,,,,,,,267386.0,,,,,,,299986.0,,,,,,,328614.0,,,,,,,362203.0,,,,,,,420783.0,,,,,,,483245.0,490055.0,501582.0,512160.0,523495.0,,,
DataCmltTest,NewGuinea,,,,,,,,,,,,,,,,,,,,,,,,,,,,,,,,,,,,,,,,,,,,,,,,,,,,,,,,,,,,,,,,,,,,,,,,,,,,,,,,,,,,,,,,,,,,,,,,,,,,,,,,,,,,,,,,,,,,,,,,,,,,,,,,,,,,,,,,,,,,,,,,,,,,,,,,,,,,
DataCmltTest,NewZealand,,,,,,,,,,,,,,,,,,,,,,,,,,,,,,,,,,,,,,,,,,,,,,,,,,,,312.0,401.0,484.0,515.0,550.0,584.0,726.0,1051.0,1710.0,2919.0,4210.0,5764.0,6940.0,8196.0,9246.0,10790.0,13382.0,15499.0,17566.0,19375.0,20293.0,21684.0,23777.0,26339.0,29785.0,33416.0,36509.0,40218.0,43126.0,47175.0,51165.0,55685.0,58746.0,61167.0,62827.0,64399.0,66499.0,70160.0,74401.0,79078.0,83224.0,86305.0,89508.0,94797.0,101277.0,108238.0,115015.0,120981.0,123920.0,126066.0,128703.0,134570.0,139898.0,145589.0,150223.0,152696.0,155928.0,160700.0,168023.0,175835.0,183039.0,190326.0,194191.0,197084.0,203045.0,210064.0,216787.0,223937.0,228148.0,230718.0,233843.0,238725.0,244838.0,250246.0,255850.0,259152.0,261315.0,263156.0,267435.0,271690.0,275852.0,278872.0,280983.0,281609.0,282263.0,283525.0,286174.0,288987.0,291994.0,294048.0,294848.0,295901.0,298532.0,301882.0,304832.0,307810.0,310297.0,311121.0,312648.0,316251.0,321187.0,327460.0,335167.0,341117.0,344519.0
DataCmltTest,Nicaragua,,,,,,,,,,,,,,,,,,,,,,,,,,,,,,,,,,,,,,,,,,,,,,,,,,,,,,,,,,,,,,,,,,,,,,,,,,,,,,,,,,,,,,,,,,,,,,,,,,,,,,,,,,,,,,,,,,,,,,,,,,,,,,,,,,,,,,,,,,,,,,,,,,,,,,,,,,,,
DataCmltTest,Niger,,,,,,,,,,,,,,,,,,,,,,,,,,,,,,,,,,,,,,,,,,,,,,,,,,,,,,,,,,,,,,,,,,,,,,,,,,,,,,,,,,,,,,,,,,,,,,,,,,,,,,,,,,,,,,,,,,,,,,,,,,,,,,,,,,,,,,,,,,,,,,,,,,,,,,,,,,,,
DataCmltTest,Nigeria,,,,,,,,,,,,,,,,,,,,,,,,,,,,,,,,,,,,,,,,,,,,,,,,,,,,,,,,,,,,,,,,,,,,,,,,,,,,,,,,,,5000.0,,,,,,,,6649.0,7153.0,,,,,,10061.0,,10918.0,,,12004.0,12828.0,,15759.0,,16588.0,18536.0,19512.0,21208.0,22492.0,23835.0,,,27078.0,28418.0,29408.0,30657.0,,32942.0,33970.0,35345.0,36899.0,38231.0,,41907.0,43328.0,44458.0,45683.0,46803.0,48544.0,49966.0,58726.0,60825.0,,63882.0,65885.0,69801.0,71336.0,73064.0,74999.0,76802.0,78244.0,79948.0,82935.0,85375.0,,90464.0,92924.0,94323.0,96402.0,,106006.0,108548.0,111052.0,113575.0
DataCmltTest,NorthKorea,,,,,,,,,,,,,,,,,,,,,,,,,,,,,,,,,,,,,,,,,,,,,,,,,,,,,,,,,,,,,,,,,,,,,,,,,,,,709,,,,,,,,,,,,,,,740,,,,,,,,,,,,,,,,,,,,,,,,,,,,,,,,,,,,,,,,,,,,,,,,,,,,,,,,,,,,,,,,,
DataCmltTest,NorthMacedonia,,,,,,,,,,,,,,,,,,,,,,,,,,,,,,,,,,,,,,,,,,,,,,,,,,,,,,,,,,,,,,,,,,,,,,,,3126,3518,,,4117,4506,5291,,,6230,,,,8057,,,,,,,,11870,,,,,,,,,,,16436,,,,,17544,,,,,,,,,,,,,,,,,,,,,,,,27684,,,30302,,,,,,,,,,,,,,,,,,,,
DataCmltTest,Norway,,,,,,,,,,,,,,,,,,,,,,,,,,,,,,,,,,,,,,12.0,74.0,222.0,471.0,761.0,970.0,1205.0,1596.0,1976.0,2317.0,2691.0,3056.0,3371.0,3779.0,5263.0,6949.0,9034.0,12051.0,16105.0,18866.0,21736.0,27999.0,34585.0,41412.0,47395.0,52514.0,55021.0,56309.0,59873.0,63401.0,66745.0,69930.0,73221.0,75022.0,76265.0,79437.0,82883.0,86600.0,89907.0,93235.0,94549.0,95599.0,98866.0,101613.0,103701.0,104913.0,106150.0,107451.0,108581.0,109743.0,112716.0,115760.0,118528.0,121328.0,122365.0,123387.0,126765.0,130022.0,133000.0,135636.0,138547.0,139532.0,140383.0,144023.0,147672.0,151147.0,155129.0,156445.0,157817.0,158922.0,163159.0,167053.0,170875.0,174262.0,177663.0,178825.0,179674.0,183619.0,187445.0,191109.0,194855.0,198581.0,199713.0,200272.0,204206.0,208029.0,211557.0,212533.0,215472.0,216341.0,217079.0,220635.0,223629.0,226443.0,228901.0,231140.0,231809.0,232318.0,232922.0,235711.0,238198.0,240740.0,243259.0,244055.0,244819.0,250045.0,254851.0,258912.0,263278.0,267401.0,268459.0,269431.0,274615.0,279512.0,283969.0,287914.0,291071.0,291859.0,292507.0
DataCmltTest,Oman,,,,,,,,,,,,,,,,,,,,,,,,,,,,,,,,,,,,,,,,,,,,,,,,,,,,,,,,,,,,,,,,,,,,,,,,,,,,,,,,,,,,,,,,,,,,,,,,,,,,,,,,,,,,,,,,,,,,,,,,,,,,72000,,,,,,,,,,,100000,,,,,,,,,,,,,,,,,,,,,
DataCmltTest,Pakistan,,,,,,,,,,,,,,,,,,,,,,,,,,,,,,,,,,,,,,,,,,,,,,,,,,,,,,471.0,531.0,609.0,684.0,833.0,1125.0,1141.0,2163.0,3410.0,4001.0,5225.0,5444.0,5857.0,6123.0,6449.0,7835.0,13231.0,14336.0,14748.0,15683.0,15967.0,17324.0,30308.0,32930.0,34885.0,35875.0,39183.0,42159.0,44896.0,54706.0,57836.0,61801.0,65114.0,69928.0,73439.0,78979.0,84704.0,92548.0,98522.0,104302.0,,111806.0,118020.0,124549.0,131365.0,138147.0,144365.0,150756.0,157223.0,165911.0,174160.0,182131.0,193859.0,203025.0,212511.0,222404.0,232582.0,244778.0,257247.0,270025.0,283517.0,294894.0,305851.0,317699.0,330750.0,344450.0,359264.0,373410.0,387335.0,400292.0,414254.0,429600.0,445987.0,460692.0,473607.0,483656.0,490908.0,499399.0,508086.0,520017.0,532037.0,547030.0,561136.0,577974.0,595344.0,615511.0,638323.0,660508.0,683608.0,705833.0,730453.0,754252.0,780825.0,809169.0,839019.0,868565.0,897650.0,922665.0,950782.0,982012.0,1011106.0,1042787.0,1071642.0
DataCmltTest,Palau,,,,,,,,,,,,,,,,,,,,,,,,,,,,,,,,,,,,,,,,,,,,,,,,,,,,,,,,,,,,,,,,,,,,,,,,,,,,,,,,,,,,,,,,,,,,,,,,,,,,,,,,,,,,,,,,,,,,,,,,,,,,,,,,,,,,,,,,,,,,,,,,,,,,,,,,,,,,
DataCmltTest,Panama,,,,,,,,,,,,,,,,,,,,,,,,,,,,,,,,,,,,,,,,,,,,,,,,,,,,107.0,138.0,180.0,374.0,613.0,814.0,921.0,1004.0,1245.0,1455.0,1768.0,2169.0,2472.0,3099.0,3385.0,3690.0,4248.0,4856.0,5222.0,5762.0,6160.0,6582.0,6944.0,7333.0,7941.0,8694.0,9256.0,9749.0,10297.0,10681.0,11776.0,12452.0,13498.0,14360.0,14985.0,15397.0,15883.0,16668.0,17630.0,18341.0,18838.0,19851.0,20681.0,21552.0,22702.0,23144.0,23903.0,24924.0,26123.0,27221.0,28134.0,29145.0,30029.0,31077.0,32544.0,33540.0,34532.0,35447.0,36859.0,37903.0,39100.0,40365.0,41192.0,42172.0,44561.0,,45221.0,46089.0,47384.0,48599.0,49312.0,50009.0,50798.0,52048.0,53073.0,54742.0,56198.0,57254.0,58467.0,59720.0,60973.0,62380.0,63867.0,65337.0,66265.0,67095.0,68714.0,70245.0,71740.0,73484.0,75057.0,76713.0,78132.0,80173.0,82391.0,84420.0,87086.0,88966.0,90950.0,92595.0,94681.0,97130.0,99950.0,102716.0,105126.0
DataCmltTest,Paraguay,,,,,,,,,,,,,,,,,,,,,,,,,,,,,,,,,,,,,,,,,,,,,,,,,,1.0,,,9.0,16.0,22.0,39.0,54.0,87.0,114.0,140.0,164.0,196.0,240.0,308.0,345.0,434.0,525.0,576.0,654.0,755.0,815.0,920.0,988.0,1078.0,1173.0,1289.0,1454.0,1646.0,1846.0,2008.0,2220.0,2462.0,2685.0,2905.0,3135.0,3394.0,3642.0,3888.0,4267.0,4612.0,4950.0,5254.0,5501.0,5878.0,6292.0,6598.0,6917.0,7322.0,7630.0,7925.0,8444.0,8891.0,9454.0,9903.0,10342.0,10766.0,11106.0,11455.0,11913.0,12497.0,13096.0,13846.0,14646.0,15446.0,16155.0,16917.0,17589.0,18184.0,18856.0,19308.0,20124.0,20429.0,21121.0,21542.0,21987.0,22868.0,23805.0,24812.0,25216.0,26169.0,26760.0,27425.0,28337.0,29153.0,30004.0,30834.0,32106.0,33081.0,34240.0,35258.0,36373.0,37532.0,38942.0,40032.0,41702.0,43292.0,45132.0,46608.0,48081.0,48729.0,49978.0,51178.0,52649.0,54278.0,55827.0,56992.0
DataCmltTest,Peru,,,,,,,,,,,,,,,,,,,,,,,,,,,,,,,,,,,,,,,,,,,,,,,107.0,,155.0,219.0,250.0,318.0,346.0,656.0,,,1232.0,1822.0,2315.0,2797.0,3075.0,3841.0,4298.0,5185.0,6184.0,7013.0,7486.0,8040.0,9219.0,10065.0,10896.0,12669.0,13452.0,14463.0,15587.0,16518.0,17334.0,17841.0,19410.0,20414.0,21555.0,23255.0,24410.0,25643.0,27519.0,31234.0,32644.0,33366.0,34901.0,36090.0,,38462.0,40028.0,41356.0,42748.0,44421.0,45715.0,47624.0,49546.0,51316.0,,52672.0,54540.0,58118.0,60381.0,,64178.0,65792.0,67563.0,,72844.0,74902.0,,79906.0,83676.0,85594.0,87791.0,,92725.0,96747.0,100042.0,102839.0,105627.0,108481.0,,112353.0,122749.0,,123549.0,124891.0,127454.0,131057.0,133845.0,137563.0,140605.0,144167.0,145625.0,152228.0,,153773.0,159169.0,163538.0,,171719.0,,175752.0,179364.0,183143.0,191072.0,,,198817.0,206423.0,,211997.0,
DataCmltTest,Philippines,,,,,,,,,,,,,,,,,,,,,,,,,,,,,,,,,,,,,,,,,,,,,,,,,,,,,,,,,,,,,,,,,,,,,,,,,,,,,20276.0,22683.0,23027.0,24727.0,26412.0,29537.0,31526.0,32770.0,34072.0,35782.0,38103.0,39947.0,42215.0,46113.0,49534.0,53191.0,55508.0,57831.0,60701.0,64321.0,68047.0,72214.0,76631.0,80507.0,84935.0,89369.0,94388.0,99190.0,103122.0,108330.0,112817.0,118281.0,124836.0,129973.0,135374.0,140906.0,148036.0,156793.0,165307.0,173819.0,182585.0,199205.0,209734.0,219224.0,228319.0,233713.0,241067.0,249282.0,257972.0,266971.0,274616.0,280508.0,285929.0,293219.0,300941.0,310224.0,318754.0,328144.0,337117.0,344570.0,355225.0,365968.0,376274.0,386742.0,398474.0,406521.0,416440.0,427222.0,436838.0,446657.0,457749.0,468961.0,476918.0,484181.0,495180.0,509519.0,520306.0,534106.0,547373.0,
DataCmltTest,Poland,,,,,,,,,,,,,,,,,,,,,,,,,,,,,,,,,,,,,,,,,,,,,,,,,855.0,,1154.0,1384.0,1630.0,2024.0,2234.0,2889.0,4414.0,5493.0,,7899.0,9515.0,11196.0,13072.0,15084.0,17607.0,20127.0,22898.0,26244.0,29564.0,34067.0,38674.0,42783.0,46607.0,51419.0,55801.0,61178.0,66938.0,72901.0,80757.0,85467.0,92215.0,99284.0,107597.0,118295.0,129560.0,138007.0,143630.0,148321.0,156493.0,169071.0,179654.0,192960.0,204246.0,214236.0,224355.0,238799.0,250719.0,265201.0,278994.0,290633.0,297859.0,310744.0,324527.0,338027.0,354628.0,366013.0,375948.0,383804.0,394270.0,410468.0,425994.0,443506.0,460686.0,476904.0,491216.0,507778.0,528122.0,554357.0,576276.0,601394.0,620249.0,636046.0,653224.0,674861.0,697230.0,719571.0,750939.0,767441.0,779576.0,801753.0,824774.0,846732.0,873456.0,899069.0,915546.0,931520.0,945955.0,967177.0,996604.0,1014937.0,1038281.0,1056396.0,1070800.0,1087853.0,1109909.0,1129039.0,1150983.0,1169088.0,1188742.0,1202024.0,1221133.0,1247099.0,1270951.0,1297676.0,1320399.0,1341842.0
DataCmltTest,Portugal,,,,,,,,,,,,,,,,,,,,,,,,,,,,,,,,,,,,,,,,,,,,25.0,70.0,131.0,171.0,251.0,332.0,411.0,495.0,670.0,976.0,1556.0,2494.0,4045.0,5298.0,6249.0,7926.0,10230.0,12688.0,15178.0,18393.0,20909.0,23018.0,27199.0,32214.0,37523.0,44212.0,52089.0,58982.0,64014.0,71967.0,79909.0,88539.0,97796.0,107234.0,116289.0,123005.0,132191.0,142748.0,154150.0,166359.0,176546.0,185647.0,190857.0,199744.0,211664.0,225292.0,238692.0,253409.0,266188.0,275690.0,286693.0,301522.0,316954.0,332045.0,346770.0,360210.0,368445.0,380593.0,396097.0,410865.0,427238.0,439890.0,450423.0,458822.0,470678.0,486797.0,502495.0,518441.0,533783.0,547236.0,554718.0,567407.0,583912.0,602081.0,620363.0,640811.0,656774.0,665719.0,677767.0,693888.0,709278.0,724525.0,739679.0,750414.0,756124.0,767967.0,782980.0,800144.0,817016.0,833045.0,845650.0,852172.0,863695.0,879237.0,896234.0,913260.0,928380.0,939725.0,946295.0,957408.0,970811.0,978489.0,983250.0,994000.0,1001886.0,1006637.0,1017634.0,1032268.0,1047109.0,,,,
DataCmltTest,Qatar,,,,,,,,,,,,,,,,,,,,,,,,,,,,,,,,,,,,,,,,,,,,,,,,,,,,,,,,,6788.0,7950.0,,,8873.0,9460.0,,10358.0,10857.0,11531.0,,12258.0,13681.0,14845.0,16582.0,18877.0,20058.0,22394.0,24825.0,26260.0,28431.0,31951.0,35757.0,38108.0,41818.0,,43144.0,45339.0,47751.0,49102.0,50828.0,52622.0,54484.0,56381.0,58328.0,60139.0,62538.0,64620.0,66725.0,70012.0,73457.0,75888.0,79705.0,82289.0,85709.0,88607.0,91415.0,94500.0,97726.0,101728.0,104435.0,106795.0,109762.0,112963.0,116495.0,120458.0,124554.0,127769.0,131044.0,135294.0,139127.0,143938.0,148173.0,152704.0,157570.0,161695.0,166182.0,170437.0,175482.0,180642.0,184794.0,188143.0,192484.0,196411.0,201180.0,207033.0,212897.0,217988.0,222069.0,225919.0,231098.0,236437.0,241086.0,246362.0,251391.0,,259646.0,265035.0,269964.0,274793.0,280665.0,286830.0,290714.0,295338.0,300499.0,304801.0,309670.0,313501.0,317694.0,320792.0
DataCmltTest,Romania,,,,,,,,,,,,,,,,,,,,,,,,,,,,,,,,,,,,,,,,,,,,,,,,,,,,,,,1921.0,2545.0,2929.0,3205.0,3708.0,4150.0,4670.0,4973.0,8284.0,8915.0,9967.0,11223.0,12624.0,14466.0,15998.0,17453.0,19663.0,21460.0,23103.0,24654.0,26609.0,28483.0,31657.0,36092.0,38623.0,40987.0,43578.0,47207.0,51802.0,55430.0,59272.0,62328.0,67204.0,70097.0,74827.0,79629.0,85805.0,90991.0,93611.0,98491.0,101552.0,106357.0,113336.0,121602.0,126645.0,136518.0,143834.0,150309.0,166993.0,175374.0,183688.0,190540.0,195508.0,199068.0,205842.0,217139.0,226613.0,237280.0,248056.0,256749.0,262219.0,269183.0,277804.0,286217.0,294601.0,303734.0,310407.0,313621.0,322074.0,332487.0,342466.0,352647.0,361566.0,368482.0,377191.0,385728.0,397563.0,410000.0,421451.0,425819.0,439197.0,443252.0,,459405.0,472850.0,484782.0,496408.0,503200.0,506115.0,511295.0,520564.0,531619.0,,552670.0,560596.0,564278.0,573638.0,585353.0,597696.0,608771.0,619997.0,626330.0
DataCmltTest,Russia,,,,,,,,,,,,,,,,,,,,,,,,,,,,,,,,,,,,,,,,,,,,,,,,46414.0,51366.0,55688.0,59960.0,63191.0,,70601.0,76963.0,,94852.0,104883.0,109939.0,116061.0,122854.0,133101.0,143519.0,156016.0,163529.0,165772.0,185918.0,192824.0,197251.0,223509.0,243377.0,263888.0,343523.0,,406500.0,536000.0,575103.0,639606.0,697004.0,758401.0,795523.0,910221.0,1004719.0,1092811.0,1184442.0,1278747.0,1359993.0,1426014.0,1517992.0,1613413.0,1718019.0,1831892.0,1949813.0,2053319.0,2142604.0,2252539.0,2401616.0,2552000.0,2721500.0,2877699.0,3019434.0,3139258.0,3303717.0,3498308.0,3723807.0,3945518.0,4099999.0,4303243.0,4460357.0,4633731.0,4803192.0,4987468.0,5221964.0,5448463.0,5636763.0,5805404.0,5982558.0,6188102.0,6413948.0,6656340.0,6916088.0,7147014.0,7352316.0,7578029.0,7840880.0,8126626.0,8402747.0,8685305.0,8945384.0,9160590.0,9415992.0,9701280.0,10000061.0,10316200.0,10643124.0,10923108.0,11151622.0,11426045.0,11733051.0,12053663.0,12388968.0,12721549.0,13016023.0,13254678.0,13545303.0,13875097.0,14218674.0,14574117.0,14880172.0,15161152.0,15395417.0,15679724.0,15991697.0,16321964.0,16661287.0,16998453.0
DataCmltTest,Rwanda,,,,,,,,,,,,,,,,,,,,,,,,,,,,,,,,,,,,,,,,,,,,,,,,,,,,,,,,,,,,,,,,,,,,,,,,,,,,,,,,5701.0,6507.0,7279.0,7999.0,9035.0,9877.0,11037.0,11938.0,12921.0,13844.0,14508.0,15268.0,15980.0,16702.0,18001.0,19450.0,20488.0,21831.0,22877.0,24152.0,25177.0,26391.0,27896.0,29601.0,30741.0,32106.0,33303.0,34350.0,35096.0,35992.0,37315.0,38834.0,40187.0,41385.0,42425.0,42805.0,43379.0,44245.0,45140.0,46198.0,48239.0,49374.0,51118.0,52335.0,53317.0,54400.0,55968.0,57077.0,58477.0,59369.0,60443.0,62502.0,64268.0,65608.0,66976.0,68068.0,69151.0,70108.0,71141.0,72510.0,74068.0,75013.0,76331.0,78259.0,80129.0,82239.0,84029.0,85613.0,87656.0,91151.0,94059.0,96801.0,99309.0,101856.0,104889.0,108005.0,111257.0
DataCmltTest,SaintKitts,,,,,,,,,,,,,,,,,,,,,,,,,,,,,,,,,,,,,,,,,,,,,,,,,,,,,,,,,,,,,,,,,,,,,,,,,,,,,,,,,,,,,,,,,,,,,,,,,,,,,,,,,,,,,,,,,,,,,,,,,,,,,,,,,,,,,,,,,,,,,,,,,,,,,,,,,,,,
DataCmltTest,SaintLucia,,,,,,,,,,,,,,,,,,,,,,,,,,,,,,,,,,,,,,,,,,,,,,,,,,,,,,,,,,,,,,,,,,,,,,,,,,,,,,,,,,,,,,,,,,,,,,,,,,,,,,,,,,,,,,,,,,,,,,,,,,,,,,,,,,,,,,,,,,,,,,,,,,,,,,,,,,,,
DataCmltTest,Samoa,,,,,,,,,,,,,,,,,,,,,,,,,,,,,,,,,,,,,,,,,,,,,,,,,,,,,,,,,,,,,,,,,,,,,,,,,,,,,,,,,,,,,,,,,,,,,,,,,,,,,,,,,,,,,,,,,,,,,,,,,,,,,,,,,,,,,,,,,,,,,,,,,,,,,,,,,,,,
DataCmltTest,San Marino,,,,,,,,,,,,,,,,,,,,,,,,,,,,,,,,,,,,,,,,,,,,,,,,,,,,,,,,,,,,,,,,,,,,,,,,,,,,,,,,,,,,,,,,,,,,,,,,,,,,,,,,,,,,,,,,,,,,,,,,,,,,,,,,,,,,,,,,,,,,,,,,,,,,,,,,,,,,
DataCmltTest,SaoTome,,,,,,,,,,,,,,,,,,,,,,,,,,,,,,,,,,,,,,,,,,,,,,,,,,,,,,,,,,,,,,,,,,,,,,,,,,,,,,,,,,,,,,,,,,,,,,,,,,,,,,,,,,,,,,,,,,,,,,,,,,,,,,,,,,,,,,,,,,,,,,,,,,,,,,,,,,,,
DataCmltTest,SaudiArabia,,,,,,,,,,,,,,,,,,,,,,,,,,,,,,,,,,,,,,,,,,,,,,,,,,,,,,,,,,,,,,,,,,,,,,,,,,,,,,,,,,,,,,,,,,,,,,,,,,,,,,,,,,,,,,389659.0,405685.0,418722.0,433500.0,449644.0,467369.0,482374.0,496948.0,513587.0,530265.0,548023.0,586405.0,601954.0,618084.0,651158.0,,667057.0,684615.0,703534.0,722079.0,738743.0,754268.0,770696.0,787465.0,806569.0,822769.0,838623.0,853987.0,870963.0,887209.0,908972.0,933201.0,,976815.0,997673.0,1019812.0,1042312.0,1069636.0,1087021.0,1106398.0,1126653.0,1144282.0,1167766.0,1198273.0,1224289.0,1248997.0,1284653.0
DataCmltTest,Senegal,,,,,,,,,,,,,,,,,,,,,,,,,,,,,,,,,,,,,,,,,,,,,1.0,3.0,14.0,,16.0,18.0,20.0,26.0,27.0,35.0,41.0,52.0,55.0,57.0,66.0,110.0,137.0,159.0,215.0,246.0,331.0,391.0,450.0,592.0,722.0,866.0,964.0,1115.0,1202.0,1299.0,1494.0,1621.0,1774.0,1951.0,2043.0,2138.0,2248.0,2356.0,2555.0,2750.0,2923.0,3027.0,3171.0,3443.0,3670.0,4105.0,4402.0,4628.0,4941.0,5222.0,5688.0,6170.0,6557.0,7085.0,7788.0,8367.0,9044.0,9917.0,10717.0,11878.0,12779.0,13969.0,14779.0,15586.0,16288.0,17470.0,18497.0,19369.0,20217.0,21573.0,22490.0,23589.0,24509.0,25501.0,26629.0,27618.0,28434.0,29506.0,30436.0,31478.0,32693.0,33892.0,34826.0,35715.0,36806.0,37357.0,38318.0,39309.0,40545.0,41915.0,42939.0,44759.0,46098.0,47647.0,48990.0,50690.0,51856.0,53122.0,54132.0,55534.0,56739.0,57903.0,58908.0,60286.0,61509.0,62763.0,63762.0,64732.0,66138.0,67755.0,69002.0,69980.0
DataCmltTest,Serbia,,,,,,,,,,,,,,,,,,,,,,,,,,,,,,,,,,,,,,,,16.0,25.0,30.0,33.0,36.0,45.0,46.0,50.0,,67.0,91.0,94.0,101.0,117.0,151.0,185.0,239.0,268.0,283.0,316.0,374.0,440.0,506.0,585.0,672.0,761.0,822.0,916.0,1161.0,1456.0,1715.0,2086.0,2462.0,3084.0,3561.0,4371.0,5008.0,5756.0,6401.0,7360.0,8552.0,9626.0,10761.0,12347.0,14240.0,16399.0,18312.0,20958.0,23398.0,26278.0,29472.0,32566.0,36028.0,38701.0,41812.0,45355.0,48636.0,51324.0,54887.0,59938.0,64303.0,67917.0,73363.0,78942.0,85645.0,91551.0,96637.0,101911.0,106461.0,111278.0,117474.0,122995.0,128805.0,134533.0,140592.0,145604.0,151304.0,156603.0,162797.0,168670.0,174746.0,181272.0,185385.0,190683.0,196881.0,203799.0,209797.0,214212.0,217856.0,220344.0,223771.0,229485.0,234019.0,239234.0,242782.0,245445.0,247760.0,252132.0,257242.0,261266.0,266061.0,269185.0,272502.0,276810.0,282049.0,287064.0,291996.0,297789.0,301126.0,302928.0,308013.0,313483.0,319581.0,325613.0,332342.0,336553.0,339822.0
DataCmltTest,Seychelles,,,,,,,,,,,,,,,,,,,,,,,,,,,,,,,,,,,,,,,,,,,,,,,,,,,,,,,,,,,,,,,,,,,,,,,,,,,,,,,,,,,,,,,,,,,,,,,,,,,,,,,,,,,,,,,,,,,,,,,,,,,,,,,,,,,,,,,,,,,,,,,,,,,,,,,,,,,,
DataCmltTest,Sierra Leone,,,,,,,,,,,,,,,,,,,,,,,,,,,,,,,,,,,,,,,,,,,,,,,,,,,,,,,,,,,,,,,,,,,,,,,,,,,,,,,,,,,,,,,,,,,,,,,,,,,,,,,,,,,,,,,,,,,,,,,,,,,,,,,,,,,,,,,,,,,,,,,,,,,,,,,,,,,,
DataCmltTest,Singapore,,,,,,,,,,,,,,,,,,,,,,,,,,,,,,,,,,,,,,,,,,,,,,,,,,,,,,,,,,,,,,,,,,,,,,,,,,,,,,,,,47486.0,,,,,,,59737.0,,,,,,82644.0,,,,,,,99929.0,,,,,,,123525.0,,,,,,186183.0,,,,,,,,191260.0,,,,,,,218996.0,,,,,,,264393.0,,,,,,,284963.0,,,,,,,340894.0,,,,,,
DataCmltTest,Slovakia,,,,,,,,,,,,,,,,,,,,,,,,,,,,,,,,,,,,,,,,,,,,,,,,,,,,,,,,,,1545.0,1913.0,,1991.0,2439.0,2707.0,3247.0,3489.0,3518.0,,,5664.0,,7131.0,,,,,11742.0,13631.0,15155.0,,,,21371.0,23672.0,25846.0,27426.0,28750.0,30052.0,31491.0,34458.0,37809.0,40953.0,44276.0,46734.0,49428.0,53893.0,,57421.0,61261.0,66089.0,70928.0,74099.0,75866.0,81338.0,85922.0,91072.0,94770.0,96220.0,97804.0,99864.0,104606.0,109767.0,114461.0,118371.0,119859.0,120645.0,122708.0,127034.0,131910.0,135902.0,139986.0,142462.0,143433.0,145474.0,148845.0,,154529.0,156765.0,158414.0,159059.0,160523.0,163362.0,165714.0,167562.0,170995.0,172601.0,172875.0,179293.0,181629.0,183764.0,185596.0,188235.0,189415.0,189575.0,190426.0,191971.0,193471.0,194733.0,196244.0,196723.0,196770.0,197617.0,198780.0,199567.0,200373.0,201651.0,201952.0
DataCmltTest,Slovenia,,,,,,,,,,,,,,,,,,,,,,,,,,,,,,,,,,,,,,,,,,,,,,,,,,,,,,,3863.0,5060.0,5976.0,6566.0,7437.0,8558.0,9584.0,10768.0,12010.0,12882.0,13613.0,14870.0,16113.0,17294.0,18369.0,19756.0,20753.0,21349.0,22474.0,23762.0,24857.0,25921.0,27109.0,27764.0,28253.0,29455.0,30669.0,31813.0,33047.0,34279.0,34851.0,35405.0,35946.0,37114.0,38137.0,39330.0,40580.0,41265.0,41802.0,42976.0,44435.0,45703.0,47018.0,48179.0,48973.0,49607.0,50290.0,51607.0,52948.0,54300.0,55020.0,55520.0,56136.0,57474.0,58923.0,59978.0,61027.0,62203.0,62828.0,63365.0,64547.0,65694.0,66678.0,67701.0,68852.0,69363.0,69842.0,70970.0,71951.0,72860.0,73742.0,74419.0,74760.0,75016.0,75770.0,76579.0,77210.0,77916.0,78529.0,78793.0,79039.0,79698.0,80505.0,81333.0,82161.0,82876.0,83105.0,83316.0,84130.0,84868.0,85626.0,86328.0,87095.0,87386.0,87598.0,88165.0,89151.0,90103.0,91005.0,92152.0,92919.0,93181.0
DataCmltTest,SolomonIslands,,,,,,,,,,,,,,,,,,,,,,,,,,,,,,,,,,,,,,,,,,,,,,,,,,,,,,,,,,,,,,,,,,,,,,,,,,,,,,,,,,,,,,,,,,,,,,,,,,,,,,,,,,,,,,,,,,,,,,,,,,,,,,,,,,,,,,,,,,,,,,,,,,,,,,,,,,,,
DataCmltTest,Somalia,,,,,,,,,,,,,,,,,,,,,,,,,,,,,,,,,,,,,,,,,,,,,,,,,,,,,,,,,,,,,,,,,,,,,,,,,,,,,,,,,,,,,,,,,,,,,,,,,,,,,,,,,,,,,,,,,,,,,,,,,,,,,,,,,,,,,,,,,,,,,,,,,,,,,,,,,,,,
DataCmltTest,SouthAfrica,,,,,,,,,,,,,,,,,,,,,42.0,,,,61.0,,67.0,71.0,,,,,95.0,106.0,,,,116.0,,121.0,,,,,160.0,164.0,,,200.0,241.0,,,,645.0,848.0,924.0,1017.0,1476.0,2405.0,2911.0,3070.0,4832.0,6438.0,7425.0,9315.0,12815.0,15529.0,,20471.0,28537.0,31963.0,35593.0,38409.0,41072.0,44292.0,47965.0,50361.0,53937.0,56873.0,58098.0,,63776.0,68874.0,73028.0,75053.0,80085.0,83663.0,87022.0,90515.0,95060.0,100827.0,108201.0,114711.0,121510.0,126937.0,133774.0,143570.0,152390.0,161004.0,168643.0,178470.0,185497.0,197127.0,207530.0,217522.0,230686.0,245747.0,257541.0,268064.0,279379.0,292153.0,307752.0,324079.0,341336.0,356067.0,369697.0,386352.0,403018.0,421555.0,439559.0,460873.0,475071.0,488609.0,505861.0,525433.0,543032.0,564370.0,583855.0,596777.0,605991.0,634996.0,655723.0,680175.0,701883.0,725125.0,742742.0,761534.0,785979.0,820675.0,850871.0,891668.0,920064.0,943059.0,968070.0,998400.0,1028399.0,1060425.0,1087887.0,1121958.0,1148933.0,1172513.0,1207360.0,1228098.0,1260434.0,1293608.0,1328060.0
DataCmltTest,SouthKorea,,,,11.0,16.0,,25.0,,48.0,57.0,187.0,,244.0,,371.0,429.0,,607.0,714.0,885.0,1130.0,1701.0,2340.0,2776.0,3629.0,5074.0,5797.0,6854.0,7519.0,7919.0,8171.0,9265.0,10411.0,12161.0,14816.0,19621.0,22633.0,28615.0,36716.0,46127.0,57990.0,70940.0,85693.0,96985.0,109591.0,125851.0,136707.0,146541.0,164740.0,178189.0,188518.0,196618.0,210144.0,222395.0,,230707.0,,,259533.0,,,291120.0,301139.0,311805.0,317240.0,324408.0,333142.0,343618.0,350573.0,361742.0,371361.0,,381663.0,393672.0,404962.0,413858.0,424365.0,,441662.0,447509.0,456654.0,468145.0,479202.0,487753.0,496409.0,500833.0,505352.0,512787.0,519526.0,524507.0,532277.0,,546866.0,551054.0,558293.0,565838.0,573832.0,579920.0,,,592765.0,599311.0,605890.0,,614384.0,619066.0,622385.0,625745.0,631379.0,635086.0,640959.0,645996.0,650877.0,,657570.0,664560.0,676341.0,690762.0,706872.0,,729993.0,737118.0,748649.0,760082.0,770595.0,782132.0,792851.0,,807348.0,817431.0,831815.0,846296.0,860563.0,876603.0,887528.0,897333.0,910929.0,928987.0,945659.0,962194.0,977351.0,986288.0,993840.0,1008538.0,1025749.0,1041394.0,1057243.0,1071352.0,1078972.0,1084926.0,1097135.0,1111334.0,1123998.0,1136873.0,1149431.0,1154993.0
DataCmltTest,SouthSudan,,,,,,,,,,,,,,,,,,,,,,,,,,,,,,,,,,,,,,,,,,,,,,,,,,,,,,,,,,,,,,,,,,,,,,,,,,,,,,,,,,,,,,,,,,,,,,,,,,,,,,,,,,,,,,,,,,,,,,,,,,,,,,,,,,,,,,,,,,,,,,,,,,,,,,,,,,,,
DataCmltTest,Spain,,,,,,,,,,,,,,,,,,,,,,,,,,,,,,,,,,,,,,,,,,,,,,,,,,,,,,,,,,,,,,,,,,,,,,,,,,,,,,,,,,,,,,,930230.0,,,,,,,,,,1035522.0,,,,,,,1351130.0,,,,,,,1625211.0,,,,,,,1919411.0,,,,,,,2221497.0,,,,,,,2536234.0,,,,,,,2822880.0,,,,,,,3061738.0,,,,,,,3290388.0,,,
DataCmltTest,SriLanka,,,,,,,,,,,,,,,,,,,,,,,,,,,,,,,,,,,,,,,,,,,,,,,,,,,,,,,,,,,,,,,,,,,,,,,,,,,,,,,,,,,,,,,,,,,,,,,,,,,,,,,,,,,,,,,,,,,,,,,,,,,,,,,,53092,,,,,,,,,,,,,,,,,,,84802,85967,87083,,90010,,,,,
DataCmltTest,Sudan,,,,,,,,,,,,,,,,,,,,,,,,,,,,,,,,,,,,,,,,,,,,,,,,,,,,,,,,,,,,,,,,,,,,,,,,,,,,,,,,,,,,,,,,,,,,,,,,,,,,,,,,,,,,,,,,,1747,,,,,,,,,,,,,,,,,,,,,,,,7825,,,,,,,,,,,,,,,,,,,
DataCmltTest,Suriname,,,,,,,,,,,,,,,,,,,,,,,,,,,,,,,,,,,,,,,,,,,,,,,,,,,,,,,,,,,,,,,,,,,,,,,,,,,,,,,,,,,,,,,,,,,,,,,,,,,,,,,,,,,,,,,,,,,,,,,,,,,,,,,,,,,,,,,,,,,,,,,,,,,,,,,,,,,,
DataCmltTest,Sweden,,,,,,,,,,,,,,,,,,,,,,,,,,,,,,,,,,,,,180.0,,,,,,,932.0,,,,,,,5234.0,,,,,,,14224.0,,,,,,,24628.0,,,,,,,36977.0,,,,,,,54760.0,,,,,,,74640.0,,,,,,,94873.0,,,,,,,119433.0,,,,,,,148235.0,,,,,,,177364.0,,,,,,,210367.0,,,,,,,239353.0,,,,,,,275819.0,,,,,,,322943.0,,,,,,,382804.0,,,,,,,
DataCmltTest,Switzerland,,,,,,,3.0,7.0,,20.0,36.0,65.0,105.0,137.0,156.0,167.0,181.0,207.0,235.0,248.0,263.0,270.0,279.0,292.0,314.0,334.0,341.0,350.0,355.0,360.0,,369.0,383.0,393.0,407.0,409.0,414.0,462.0,632.0,949.0,1227.0,1677.0,1935.0,2308.0,2786.0,3502.0,4094.0,4681.0,5638.0,6365.0,7109.0,8740.0,10912.0,13636.0,18270.0,22959.0,28203.0,30726.0,36004.0,45356.0,55946.0,65627.0,73778.0,80206.0,83493.0,90132.0,95943.0,103631.0,111483.0,118678.0,124440.0,127206.0,131695.0,138851.0,145553.0,152574.0,159090.0,164294.0,167599.0,171705.0,178575.0,185133.0,191142.0,195122.0,197920.0,200220.0,202417.0,206340.0,211929.0,217066.0,221664.0,225313.0,227432.0,230859.0,235832.0,240486.0,245048.0,249841.0,253874.0,256236.0,259984.0,265578.0,271388.0,276231.0,280680.0,283800.0,286319.0,290181.0,296071.0,301447.0,306111.0,310467.0,313602.0,315032.0,320107.0,325674.0,331905.0,337610.0,343208.0,346477.0,348218.0,352633.0,358631.0,363486.0,365602.0,369167.0,371695.0,373352.0,377356.0,383050.0,388051.0,392244.0,395955.0,398542.0,400110.0,401893.0,406172.0,411436.0,416655.0,421475.0,424596.0,426138.0,430846.0,437337.0,443936.0,449544.0,456002.0,460361.0,462153.0,468649.0,478691.0,488306.0,496725.0,504256.0,508843.0,510593.0
DataCmltTest,Syria,,,,,,,,,,,,,,,,,,,,,,,,,,,,,,,,,,,,,,,,,,,,,,,,,,,,,,,,,,,,,,,,,,,,,,,,,,,,,,,,,,,,,,,,,,,,,,,,,,,,,,,,,,,,,,,,,,,,,,,,,,,,,,,,,,,,,,,,,,,,,,,,,,,,,,,,,,,,
DataCmltTest,Taiwan,,,,,,,,,,,,,,,,,,,,,,,,,,,,,,,,,,,,,,,,,,,,,,,,,13555.0,13855.0,14154.0,14635.0,14970.0,15413.0,16089.0,16530.0,16911.0,17219.0,17935.0,18812.0,20014.0,21376.0,22743.0,23805.0,24609.0,25746.0,26660.0,27532.0,28507.0,29389.0,29915.0,30777.0,31800.0,32726.0,33733.0,34557.0,35442.0,36304.0,37219.0,39011.0,40702.0,42315.0,43886.0,45446.0,46547.0,47215.0,48549.0,49748.0,50703.0,51603.0,52445.0,53005.0,53632.0,55476.0,56853.0,58003.0,59026.0,59840.0,60459.0,60956.0,61684.0,62368.0,62844.0,63340.0,63713.0,64094.0,64436.0,64958.0,65589.0,66046.0,66460.0,66861.0,67133.0,67400.0,67758.0,68107.0,68335.0,68659.0,68988.0,69206.0,69395.0,69657.0,69876.0,,70338.0,70526.0,70697.0,70880.0,71101.0,71405.0,71581.0,71750.0,71909.0,72082.0,72319.0,72507.0,72683.0,72871.0,73040.0,73225.0,73359.0,,,73751.0,,,,,,,74699.0,74842.0,,,,
DataCmltTest,Tajikistan,,,,,,,,,,,,,,,,,,,,,,,,,,,,,,,,,,,,,,,,,,,,,,,,,,,,,,,,,,,,,,,,,,,,,,,,,,,,,,,,,,,,,,,,,,,,,,,,,,,,,,,,,,,,,,,,,,,,,,,,,,,,,,,,,,,,,,,,,,,,,,,,,,,,,,,,,,,,
DataCmltTest,Tanzania,,,,,,,,,,,,,,,,,,,,,,,,,,,,,,,,,,,,,,,,,,,,,,,,,,,,,,,,,,,,,,,,,,,,,,,,,,,,,,,,,,,,,,,,,,,,,,,,,,,,,,,652,,,,,,,,,,,,,,,,,,,,,,,,,,,,,,,,,,,,,,2680,,,,,,,,,,,,,,,
DataCmltTest,Thailand,,,,,,,,,,,,,,,,,,,,,,,,,,,,,,,,,,,,,,,,,,,,,,3680.0,3895.0,4023.0,4234.0,4366.0,4518.0,4682.0,4848.0,5232.0,5496.0,5713.0,,6545.0,7045.0,,8157.0,8729.0,9670.0,10343.0,10925.0,11807.0,13027.0,14022.0,15292.0,16473.0,17140.0,17779.0,18696.0,20097.0,21008.0,22453.0,23669.0,24474.0,25071.0,25857.0,27049.0,28709.0,30542.0,31984.0,32830.0,33810.0,34786.0,35452.0,36495.0,37462.0,,,40897.0,42257.0,44056.0,,,,51694.0,53238.0,55486.0,57922.0,62018.0,66371.0,70535.0,72745.0,75268.0,78768.0,82627.0,86320.0,89791.0,93644.0,96995.0,100404.0,103858.0,,111288.0,114405.0,118068.0,118274.0,123092.0,127108.0,,,,147104.0,150455.0,153991.0,160320.0,167961.0,176045.0,181468.0,187747.0,191920.0,194911.0,200411.0,207693.0,212098.0,,224386.0,228349.0,231111.0,236941.0,243464.0,250076.0,254860.0,261606.0,264371.0,267564.0,271701.0,276573.0,280461.0,284577.0,288088.0,290451.0,292160.0
DataCmltTest,Togo,,,,,,,,,,,,,,,,,,,,,,,,,,,,,,,,,,,,,,,,,,,,,,,,,,,,,,,,,,,,,,,,,,,,,,,,,,,,,,,,,,,,,,,,,,,,,,,,,,,,,,,,,,,,,,,,,,,,,,,,,,,,,,,,,,,,,,,,,,,,,,,,,,,,,,,,,,,,
DataCmltTest,Tonga,,,,,,,,,,,,,,,,,,,,,,,,,,,,,,,,,,,,,,,,,,,,,,,,,,,,,,,,,,,,,,,,,,,,,,,,,,,,,,,,,,,,,,,,,,,,,,,,,,,,,,,,,,,,,,,,,,,,,,,,,,,,,,,,,,,,,,,,,,,,,,,,,,,,,,,,,,,,
DataCmltTest,Trinidad,,,,,,,,,,,,,,,,,,,,,,,,,,,,,,,,,,,,,,,,,,,,,,,,,,,,,,,,,,,,,,,,,,,,,,453,,,,,595,,,,,,,,,,,,,,,,1298,,,,,,,,1501,,1532,,,,,,,,,,,2260,2271,,,,,,,,,,,,,,,,,,,,,,,,,,,,,,,,,,,,,,,,,,,
DataCmltTest,Tunisia,,,,,,,,,,,,,,,,,,,,,,,,,,,,,,,,,,,,,,,,,,,,,1.0,,,,,136.0,137.0,145.0,189.0,217.0,289.0,332.0,402.0,,,,,,,,,,,,,,,,,,,,,,,,,,,,,,,,,,15332.0,16098.0,17287.0,18165.0,18861.0,19411.0,19849.0,20408.0,20818.0,21081.0,21477.0,22062.0,22957.0,23526.0,24055.0,24406.0,24853.0,25165.0,25555.0,25967.0,27420.0,29297.0,32818.0,33266.0,33880.0,34323.0,36523.0,37862.0,39778.0,40559.0,41620.0,42489.0,43723.0,45308.0,46628.0,47649.0,47816.0,48476.0,49113.0,49951.0,50380.0,51171.0,51881.0,52503.0,52874.0,53161.0,53539.0,54150.0,54653.0,55358.0,55419.0,55579.0,55891.0,56210.0,57273.0,58770.0,59887.0,60872.0,61430.0,62922.0,63631.0,64910.0,65515.0,67045.0,,
DataCmltTest,Turkey,,,,,,,,,,,,,,,,,,,,,,,,,,,,,,,,,,,,,,,,,,,,,,,,,,,,,,,,,,,,,10018.0,11999.0,15655.0,18607.0,20345.0,24017.0,27969.0,33004.0,40290.0,47823.0,55464.0,65446.0,76981.0,92403.0,106799.0,125556.0,141716.0,161380.0,181445.0,202845.0,228868.0,247768.0,276338.0,307210.0,340380.0,376100.0,410556.0,443626.0,477716.0,518143.0,558413.0,598933.0,634277.0,673980.0,713409.0,750944.0,791906.0,830257.0,868565.0,898742.0,918885.0,948115.0,991613.0,1033617.0,1075048.0,,1135367.0,1171138.0,1204421.0,1234724.0,1265119.0,1298806.0,1334411.0,1370598.0,1403320.0,1440671.0,1474003.0,1508824.0,1547389.0,1589625.0,1624994.0,1650135.0,1675517.0,1696355.0,,1767495.0,1807673.0,1832262.0,1853754.0,1873607.0,1894650.0,1928209.0,1964364.0,2003594.0,2039194.0,2070719.0,2103044.0,2155349.0,2209583.0,2267412.0,2303258.0,2338593.0,2377954.0,2415179.0,2451700.0,2500890.0,,2541903.0,2632171.0,2674203.0,2721003.0,2721004.0,2822316.0,2863632.0,2904744.0,2945240.0
DataCmltTest,Turkmenistan,,,,,,,,,,,,,,,,,,,,,,,,,,,,,,,,,,,,,,,,,,,,,,,,,,,,,,,,,,,,,,,,,,,,,,,,,,,,,,,,,,,,,,,,,,,,,,,,,,,,,,,,,,,,,,,,,,,,,,,,,,,,,,,,,,,,,,,,,,,,,,,,,,,,,,,,,,,,
DataCmltTest,Tuvalu,,,,,,,,,,,,,,,,,,,,,,,,,,,,,,,,,,,,,,,,,,,,,,,,,,,,,,,,,,,,,,,,,,,,,,,,,,,,,,,,,,,,,,,,,,,,,,,,,,,,,,,,,,,,,,,,,,,,,,,,,,,,,,,,,,,,,,,,,,,,,,,,,,,,,,,,,,,,
DataCmltTest,UAE,,,,,,,,,,,,,,,,,,,,,,,,,,,,,,,,,,,,,,,,,,,,,,,,,,,,,,,,,,,125000,,,,,,,,,,,,,220000,,,,,,,,,,593095,,,,,,,767000,,,,,839000,,,898000,,,,,,1122000,,,1200000,,,,,,,1433195,,,1520958,,,,,,,,,,1924234,,,,,,,,,2253657,,,,,,,2502566,,,2618566,,,,,,,,,,,
DataCmltTest,Uganda,,,,,,,,,,,,,,,,,,,,,,,,,,,,,,,,,,,,,,,,,,,,,,,,,,,,,,,,,,,,,,,,,,,,,,,,,,,,,,,,3160.0,3310.0,3524.0,3862.0,4301.0,,5025.0,5664.0,6661.0,7693.0,8855.0,9975.0,11101.0,12565.0,13742.0,14761.0,16057.0,17388.0,18921.0,20329.0,22318.0,24875.0,27275.0,29277.0,31978.0,34432.0,36916.0,39846.0,42092.0,44724.0,48233.0,52042.0,55203.0,57768.0,59607.0,62461.0,64172.0,66276.0,68172.0,70730.0,72774.0,,74098.0,76326.0,77823.0,80552.0,82658.0,83845.0,85584.0,86773.0,87889.0,89893.0,92123.0,94051.0,95886.0,97205.0,99427.0,100513.0,,102780.0,104090.0,106584.0,110342.0,112678.0,115101.0,117422.0,119954.0,122542.0,125491.0,128168.0,130380.0,132906.0,135608.0,138649.0,140499.0,143434.0,145658.0
DataCmltTest,UK,,,,,,,,31.0,52.0,73.0,97.0,130.0,161.0,177.0,203.0,266.0,326.0,416.0,468.0,566.0,620.0,686.0,795.0,1114.0,1358.0,1758.0,2521.0,2964.0,2992.0,3109.0,4501.0,4916.0,5207.0,5549.0,5885.0,6152.0,6324.0,6536.0,6795.0,7132.0,7690.0,8986.0,10483.0,11750.0,13525.0,13911.0,16659.0,18083.0,20338.0,21460.0,23513.0,24960.0,26261.0,27476.0,29764.0,32771.0,37746.0,40279.0,44105.0,50442.0,56221.0,64621.0,66976.0,72818.0,78340.0,83945.0,90436.0,97019.0,104866.0,113777.0,120776.0,127737.0,134946.0,143186.0,152979.0,163194.0,173784.0,183190.0,195524.0,208837.0,213181.0,232708.0,243421.0,256605.0,269598.0,282374.0,290720.0,302599.0,313769.0,327608.0,341551.0,357023.0,372967.0,386044.0,397670.0,411192.0,425821.0,444222.0,517836.0,543413.0,569768.0,599339.0,632794.0,687369.0,762279.0,825946.0,882343.0,945299.0,1015138.0,1072144.0,1139626.0,1207069.0,1270408.0,1334770.0,1400107.0,1460517.0,1522258.0,1593902.0,1663492.0,1742028.0,1818712.0,1887051.0,,1996648.0,,2144626.0,,,,,,,,,,,,,,,,,,,,,,,,,,,,,,
DataCmltTest,Ukraine,,,,,,,,,,,,,,,,,,,,,,,,,,,,,,,,,,,,,,,,,,,,,,,,,,,,,,,,,,,,,,,,,,,,,,,,,,,,,,,,,,,20608.0,23522.0,,,35153.0,,,42823.0,47096.0,,57111.0,,,,72296.0,,,89373.0,93519.0,98719.0,104544.0,111859.0,118545.0,122752.0,129723.0,134592.0,139759.0,144283.0,151569.0,159155.0,167107.0,176403.0,181552.0,187307.0,192247.0,202495.0,211614.0,220638.0,227801.0,232899.0,239961.0,248529.0,,267185.0,277712.0,285626.0,291868.0,301736.0,312532.0,322746.0,337318.0,348279.0,,356187.0,371668.0,381552.0,392316.0,403551.0,414542.0,424046.0,431085.0,437444.0,445940.0,456509.0,468172.0,479111.0,489334.0,497284.0,507251.0,,530442.0,542247.0,553737.0,563194.0
DataCmltTest,Uruguay,,,,,,,,,,,,,,,,,,,,,,,,,,,,,,,,,,,,,,,,,,,,,,,,,,,,,,,,,,,,,,,,,,,,,,,2926.0,3126.0,3425.0,3819.0,4108.0,4464.0,4786.0,5063.0,5208.0,5385.0,5727.0,6175.0,6856.0,7496.0,8114.0,8774.0,9236.0,9929.0,10448.0,11239.0,11749.0,12478.0,12826.0,,13396.0,13923.0,14532.0,15142.0,15834.0,16496.0,17063.0,17505.0,18140.0,19016.0,19747.0,20554.0,21164.0,21939.0,22805.0,23811.0,24656.0,25698.0,26838.0,27461.0,28697.0,,29500.0,30209.0,31209.0,32225.0,33036.0,33861.0,34384.0,34794.0,,35537.0,37178.0,,38146.0,38695.0,39469.0,40229.0,41469.0,42624.0,43479.0,,44511.0,45226.0,45777.0,46512.0,47433.0,48029.0,48432.0,48896.0,49653.0,50473.0,51313.0,52078.0,52862.0,53265.0,53725.0,54486.0,,,,
DataCmltTest,USA,,,,,2,2,2,2,2,2,2,3,3,3,4,6,7,8,8,11,12,13,13,16,17,18,18,21,28,35,50,59,69,82,93,106,122,148,179,208,235,275,316,399,592,840,1945,2551,3496,4326,5250,7138,9719,13734,19279,28749,33685,41777,60512,74806,99891,127827,164429,209694,254960,313150,382087,466336,567950,671427,778246,865774,984385,1096687,1204858,1323844,1456372,1685619,1804801,1956276,2110537,2257968,2427627,2585090,2723969,2863278,2996703,3148849,3286903,3450357,3609915,3756129,3909876,4055908,4208809,4532378,4725539,4961116,5238786,5445400,5641256,5847543,6086558,6320387,6615968,6864824,7101543,7333309,7604769,7850230,8152574,8451416,8742999,9011027,9393808,9702482,10022059,10387610,10747313,11110887,11484426,11840506,12241562,12650242,13072253,13483424,13874970,14258193,14679950,14986647,15296816,15712079,16203550,16631318,17030730,17443946,17863765,18331707,18793917,19303334,19786232,20232564,20636237,21056670,21486165,21945206,22539488,23039294,23517852,23965559,24432553,24921275,25438975,26010176,26576624,27088823
DataCmltTest,Uzbekistan,,,,,,,,,,,,,,,,,,,,,,,,,,,,,,,,,,,,,,,,,,,,,,,,,,,,,,,,,,,,,,,,,,,,,,,,,,,,,,,,,,,,,,,,,,,,,,,,,,,,,,,,,,,,,,,371000,,,,,,,,,,,,,,,,,,,,,,,,,,,,,,,,,,,,,,,,,,,,,
DataCmltTest,Vanuatu,,,,,,,,,,,,,,,,,,,,,,,,,,,,,,,,,,,,,,,,,,,,,,,,,,,,,,,,,,,,,,,,,,,,,,,,,,,,,,,,,,,,,,,,,,,,,,,,,,,,,,,,,,,,,,,,,,,,,,,,,,,,,,,,,,,,,,,,,,,,,,,,,,,,,,,,,,,,
DataCmltTest,Vatican,,,,,,,,,,,,,,,,,,,,,,,,,,,,,,,,,,,,,,,,,,,,,,,,,,,,,,,,,,,,,,,,,,,,,,,,,,,,,,,,,,,,,,,,,,,,,,,,,,,,,,,,,,,,,,,,,,,,,,,,,,,,,,,,,,,,,,,,,,,,,,,,,,,,,,,,,,,,
DataCmltTest,Venezuela,,,,,,,,,,,,,,,,,,,,,,,,,,,,,,,,,,,,,,,,,,,,,,,,,,,,,,,,,,,,,,,,,,,,,,,,,,1779,,,,,,,,,,,,,,,,,,,,,,,,394125,,,,,,,,,,,,495730,,,,,,,,,,,,,,,,,,,832526,,,,,,,,,,,,,,,,,,,,,,,,,,,
DataCmltTest,Vietnam,,,,,,,,,,,,,,,,,,,,,,,,,,,,,,,,,,,,,,,,,,,,,1753.0,1785.0,,1924.0,2008.0,,,2589.0,,4471.0,4588.0,4789.0,5235.0,7515.0,7522.0,9696.0,14950.0,,15637.0,,17148.0,,24311.0,30548.0,31881.0,35808.0,,,,,67456.0,73164.0,75458.0,,,94305.0,106599.0,110124.0,114241.0,118807.0,121821.0,,,132771.0,135938.0,,,,163377.0,,180067.0,,189253.0,,212142.0,212965.0,213743.0,,261004.0,,,,,,,,,,,,,,,,,,,,,,,,,,,,,,,,,,,,,,,,,,,,,,,,,,,,,
DataCmltTest,Yemen,,,,,,,,,,,,,,,,,,,,,,,,,,,,,,,,,,,,,,,,,,,,,,,,,,,,,,,,,,,,,,,,,,,,,,,,,,,,,,,,,,,,,,,,,,,,,,,,,,,,,,,,,,,,,,,,,,,,,,,,,,,,,,,,,,,,,,,,,,,,,,,,,,,,,,,,,,,,
DataCmltTest,Zambia,,,,,,,,,,,,,,,,,,,,,,,,,,,,,,,,,,,,,,,,,,,,,,,,,,,,,,,,,,,,,,,,,,,,,,,,,,,,,,,,,,,,,,,,,,,,,,,,,,,,,,,,,,,,,,,,,,,,,,,,,,,,,,,,,,,,,,,,,,,,,,,,,,,,,,,,,,,,
DataCmltTest,Zimbabwe,,,,,,,,,,,,,,,,,,,,,,,,,,,,,,,,,,,,,,,,,,,,,,,,,,,,,,,,,,,,,,,,,,,,,,,,,,,,,,,,,,,,,,,,,,,,,,,,,,,,,,,,,,,,,,7808.0,8141.0,8741.0,9593.0,9872.0,10598.0,11058.0,11191.0,,11401.0,12275.0,12564.0,13104.0,14175.0,14618.0,15084.0,15194.0,15336.0,15555.0,15765.0,,16254.0,16440.0,16860.0,17526.0,18072.0,18709.0,19290.0,20012.0,20402.0,21000.0,21354.0,21507.0,21901.0,22253.0,22805.0,23072.0,23537.0,24010.0,24106.0,24613.0,24864.0,25291.0,25815.0,26117.0,26451.0,26857.0
